date,ncode,cumulative_view,daily_view,bookmark_count,monthly_rank,weekly_rank
2022-07-11,N4995HM,,,,1,
2022-07-11,N8593HR,,,,2,
2022-07-11,N5495HR,,,,3,
2022-07-11,N6062HQ,,,,4,
2022-07-11,N0753HR,,,,5,
2022-07-11,N7466HR,,,,6,
2022-07-11,N6189HR,,,,7,
2022-07-11,N0548HR,,,,8,
2022-07-11,N7817HO,,,,9,
2022-07-11,N8383HR,,,,10,
2022-07-11,N5804HR,,,,11,
2022-07-11,N3231HR,,,,12,
2022-07-11,N3944HR,,,,13,
2022-07-11,N3084HS,,,,14,
2022-07-11,N3887HR,,,,15,
2022-07-11,N3216HR,,,,16,
2022-07-11,N3281HS,,,,17,
2022-07-11,N3941HS,,,,18,
2022-07-11,N5754HR,,,,19,
2022-07-11,N0010HR,,,,20,
2022-07-11,N7152GJ,,,,21,
2022-07-11,N8703HN,,,,22,
2022-07-11,N0899HS,,,,23,
2022-07-11,N0034HR,,,,24,
2022-07-11,N0770HR,,,,25,
2022-07-11,N2016HP,,,,26,
2022-07-11,N1242HR,,,,27,
2022-07-11,N7286HR,,,,28,
2022-07-11,N3449HS,,,,29,
2022-07-11,N9003HR,,,,30,
2022-07-11,N4084HS,,,,31,
2022-07-11,N5507HQ,,,,32,
2022-07-11,N0104HS,,,,33,
2022-07-11,N0380HR,,,,34,
2022-07-11,N9781HR,,,,35,
2022-07-11,N5753HR,,,,36,
2022-07-11,N0162HS,,,,37,
2022-07-11,N8281HR,,,,38,
2022-07-11,N3127HS,,,,39,
2022-07-11,N6437FP,,,,40,
2022-07-11,N5520HQ,,,,41,
2022-07-11,N7871HR,,,,42,
2022-07-11,N4608HS,,,,43,
2022-07-11,N5701HS,,,,44,
2022-07-11,N0799HR,,,,45,
2022-07-11,N5111HR,,,,46,
2022-07-11,N9778HP,,,,47,
2022-07-11,N1843HS,,,,48,
2022-07-11,N6160HP,,,,49,
2022-07-11,N9404HR,,,,50,
2022-07-11,N9629HP,,,,51,
2022-07-11,N6837HR,,,,52,
2022-07-11,N2049GR,,,,53,
2022-07-11,N7404HN,,,,54,
2022-07-11,N9693HR,,,,55,
2022-07-11,N6191HR,,,,56,
2022-07-11,N8966HQ,,,,57,
2022-07-11,N3527HS,,,,58,
2022-07-11,N2500HS,,,,59,
2022-07-11,N2061GR,,,,60,
2022-07-11,N8526HQ,,,,61,
2022-07-11,N9964HR,,,,62,
2022-07-11,N5795HQ,,,,63,
2022-07-11,N4110HR,,,,64,
2022-07-11,N7666HQ,,,,65,
2022-07-11,N4611HS,,,,66,
2022-07-11,N3077HS,,,,67,
2022-07-11,N8154HM,,,,68,
2022-07-11,N0977HS,,,,69,
2022-07-11,N5449HI,,,,70,
2022-07-11,N2230HR,,,,71,
2022-07-11,N1257HS,,,,72,
2022-07-11,N0876HP,,,,73,
2022-07-11,N7205HQ,,,,74,
2022-07-11,N1045HQ,,,,75,
2022-07-11,N2706HS,,,,76,
2022-07-11,N2845HQ,,,,77,
2022-07-11,N3307HR,,,,78,
2022-07-11,N0839HS,,,,79,
2022-07-11,N6796HR,,,,80,
2022-07-11,N1364HQ,,,,81,
2022-07-11,N6146HR,,,,82,
2022-07-11,N1397HR,,,,83,
2022-07-11,N4653HR,,,,84,
2022-07-11,N9007HR,,,,85,
2022-07-11,N1314HD,,,,86,
2022-07-11,N4996HL,,,,87,
2022-07-11,N1768HS,,,,88,
2022-07-11,N0908HS,,,,89,
2022-07-11,N1127HH,,,,90,
2022-07-11,N2298HR,,,,91,
2022-07-11,N8078HR,,,,92,
2022-07-11,N1429HR,,,,93,
2022-07-11,N4621HR,,,,94,
2022-07-11,N3914HS,,,,95,
2022-07-11,N9603HR,,,,96,
2022-07-11,N8849HQ,,,,97,
2022-07-11,N3279HS,,,,98,
2022-07-11,N8465GX,,,,99,
2022-07-11,N0470HR,,,,100,
2022-07-11,N6895GP,,,,101,
2022-07-11,N3091HR,,,,102,
2022-07-11,N8724HR,,,,103,
2022-07-11,N3507HO,,,,104,
2022-07-11,N6067HR,,,,105,
2022-07-11,N7787EQ,,,,106,
2022-07-11,N5657HS,,,,107,
2022-07-11,N3035HS,,,,108,
2022-07-11,N1469HR,,,,109,
2022-07-11,N4063HS,,,,110,
2022-07-11,N6517HP,,,,111,
2022-07-11,N7616HP,,,,112,
2022-07-11,N7947HR,,,,113,
2022-07-11,N3166HR,,,,114,
2022-07-11,N6617FP,,,,115,
2022-07-11,N3601HS,,,,116,
2022-07-11,N1071HR,,,,117,
2022-07-11,N3191EH,,,,118,
2022-07-11,N5534HS,,,,119,
2022-07-11,N6780GW,,,,120,
2022-07-11,N8747HQ,,,,121,
2022-07-11,N0632GN,,,,122,
2022-07-11,N6682GF,,,,123,
2022-07-11,N9233HP,,,,124,
2022-07-11,N5095HR,,,,125,
2022-07-11,N2977HS,,,,126,
2022-07-11,N9802HP,,,,127,
2022-07-11,N6873HP,,,,128,
2022-07-11,N5473HR,,,,129,
2022-07-11,N8386HO,,,,130,
2022-07-11,N4446HS,,,,131,
2022-07-11,N5340HQ,,,,132,
2022-07-11,N3315EK,,,,133,
2022-07-11,N5931HQ,,,,134,
2022-07-11,N9440HR,,,,135,
2022-07-11,N1733HS,,,,136,
2022-07-11,N9139HR,,,,137,
2022-07-11,N0806HR,,,,138,
2022-07-11,N8734HR,,,,139,
2022-07-11,N6634HP,,,,140,
2022-07-11,N4557HM,,,,141,
2022-07-11,N1262FY,,,,142,
2022-07-11,N5105HR,,,,143,
2022-07-11,N4606HS,,,,144,
2022-07-11,N5787HR,,,,145,
2022-07-11,N8239HR,,,,146,
2022-07-11,N7069HR,,,,147,
2022-07-11,N2039HS,,,,148,
2022-07-11,N2543HR,,,,149,
2022-07-11,N2692HS,,,,150,
2022-07-11,N8211HR,,,,151,
2022-07-11,N0066HQ,,,,152,
2022-07-11,N5082HP,,,,153,
2022-07-11,N6745HQ,,,,154,
2022-07-11,N9229HO,,,,155,
2022-07-11,N9118HQ,,,,156,
2022-07-11,N5060HS,,,,157,
2022-07-11,N8616HK,,,,158,
2022-07-11,N2051HR,,,,159,
2022-07-11,N1818HQ,,,,160,
2022-07-11,N5522GH,,,,161,
2022-07-11,N0808HS,,,,162,
2022-07-11,N7168HR,,,,163,
2022-07-11,N1029HR,,,,164,
2022-07-11,N8562HC,,,,165,
2022-07-11,N1837HR,,,,166,
2022-07-11,N5256HP,,,,167,
2022-07-11,N5255HP,,,,168,
2022-07-11,N2021HO,,,,169,
2022-07-11,N8553HR,,,,170,
2022-07-11,N8745HM,,,,171,
2022-07-11,N4830BU,,,,172,
2022-07-11,N5974HR,,,,173,
2022-07-11,N0261HS,,,,174,
2022-07-11,N5281HQ,,,,175,
2022-07-11,N5596HS,,,,176,
2022-07-11,N3026HR,,,,177,
2022-07-11,N5486HE,,,,178,
2022-07-11,N7999HP,,,,179,
2022-07-11,N8733GF,,,,180,
2022-07-11,N1913HG,,,,181,
2022-07-11,N1264HR,,,,182,
2022-07-11,N9035HR,,,,183,
2022-07-11,N7250GN,,,,184,
2022-07-11,N2831HQ,,,,185,
2022-07-11,N4616GO,,,,186,
2022-07-11,N3610HS,,,,187,
2022-07-11,N6981GN,,,,188,
2022-07-11,N3446HS,,,,189,
2022-07-11,N2787FC,,,,190,
2022-07-11,N3511HB,,,,191,
2022-07-11,N2449HO,,,,192,
2022-07-11,N1929HB,,,,193,
2022-07-11,N6056HP,,,,194,
2022-07-11,N4712GK,,,,195,
2022-07-11,N9433GN,,,,196,
2022-07-11,N3336HR,,,,197,
2022-07-11,N2872HR,,,,198,
2022-07-11,N1952HS,,,,199,
2022-07-11,N2882HR,,,,200,
2022-07-11,N1305HR,,,,201,
2022-07-11,N9931HO,,,,202,
2022-07-11,N6169DZ,,,,203,
2022-07-11,N0545HS,,,,204,
2022-07-11,N5087HQ,,,,205,
2022-07-11,N5255HS,,,,206,
2022-07-11,N2756HR,,,,207,
2022-07-11,N6074HF,,,,208,
2022-07-11,N0760HL,,,,209,
2022-07-11,N6369HS,,,,210,
2022-07-11,N0658DU,,,,211,
2022-07-11,N2795HS,,,,212,
2022-07-11,N7432HN,,,,213,
2022-07-11,N6956HQ,,,,214,
2022-07-11,N8381GQ,,,,215,
2022-07-11,N4080HR,,,,216,
2022-07-11,N1745HF,,,,217,
2022-07-11,N2453HS,,,,218,
2022-07-11,N2443HR,,,,219,
2022-07-11,N5008HS,,,,220,
2022-07-11,N2161HS,,,,221,
2022-07-11,N2955FM,,,,222,
2022-07-11,N4496HP,,,,223,
2022-07-11,N5409HR,,,,224,
2022-07-11,N4614HP,,,,225,
2022-07-11,N7056HM,,,,226,
2022-07-11,N2383HS,,,,227,
2022-07-11,N2948HS,,,,228,
2022-07-11,N5131HS,,,,229,
2022-07-11,N4207HS,,,,230,
2022-07-11,N5092HR,,,,231,
2022-07-11,N0301HR,,,,232,
2022-07-11,N3215GP,,,,233,
2022-07-11,N8477FK,,,,234,
2022-07-11,N8239GP,,,,235,
2022-07-11,N7619GQ,,,,236,
2022-07-11,N2925HR,,,,237,
2022-07-11,N2224HS,,,,238,
2022-07-11,N1031GV,,,,239,
2022-07-11,N8139DG,,,,240,
2022-07-11,N8380HR,,,,241,
2022-07-11,N8541CR,,,,242,
2022-07-11,N5896HA,,,,243,
2022-07-11,N9874HP,,,,244,
2022-07-11,N2246HS,,,,245,
2022-07-11,N8030HQ,,,,246,
2022-07-11,N3226HR,,,,247,
2022-07-11,N7923HR,,,,248,
2022-07-11,N3992HP,,,,249,
2022-07-11,N3655HO,,,,250,
2022-07-11,N6609HR,,,,251,
2022-07-11,N7345HR,,,,252,
2022-07-11,N2608HS,,,,253,
2022-07-11,N3986HR,,,,254,
2022-07-11,N7118HR,,,,255,
2022-07-11,N4859GR,,,,256,
2022-07-11,N9475HR,,,,257,
2022-07-11,N3666HQ,,,,258,
2022-07-11,N5308HR,,,,259,
2022-07-11,N1976EY,,,,260,
2022-07-11,N7902HR,,,,261,
2022-07-11,N8020GN,,,,262,
2022-07-11,N9101FY,,,,263,
2022-07-11,N0446HR,,,,264,
2022-07-11,N8433EB,,,,265,
2022-07-11,N6887HR,,,,266,
2022-07-11,N1785EK,,,,267,
2022-07-11,N1521HR,,,,268,
2022-07-11,N0008GY,,,,269,
2022-07-11,N1290FF,,,,270,
2022-07-11,N6416HR,,,,271,
2022-07-11,N2549HR,,,,272,
2022-07-11,N9196HO,,,,273,
2022-07-11,N2591GI,,,,274,
2022-07-11,N0959HR,,,,275,
2022-07-11,N9934HQ,,,,276,
2022-07-11,N4419HS,,,,277,
2022-07-11,N5495GN,,,,278,
2022-07-11,N8311HQ,,,,279,
2022-07-11,N2907GA,,,,280,
2022-07-11,N4216HS,,,,281,
2022-07-11,N1784GA,,,,282,
2022-07-11,N3835HA,,,,283,
2022-07-11,N7296HR,,,,284,
2022-07-11,N1244FR,,,,285,
2022-07-11,N6884HR,,,,286,
2022-07-11,N2251HS,,,,287,
2022-07-11,N0468HR,,,,288,
2022-07-11,N6316BN,,,,289,
2022-07-11,N1292HS,,,,290,
2022-07-11,N6406GP,,,,291,
2022-07-11,N0934HQ,,,,292,
2022-07-11,N4214HB,,,,293,
2022-07-11,N2421EU,,,,294,
2022-07-11,N9348HK,,,,295,
2022-07-11,N7615HR,,,,296,
2022-07-11,N1222CI,,,,297,
2022-07-11,N7004HR,,,,298,
2022-07-11,N2077HS,,,,299,
2022-07-11,N1860FV,,,,300,
2022-12-22,N2913HY,,,,1,
2022-12-22,N2819HA,,,,2,
2022-12-22,N2448HY,,,,3,
2022-12-22,N7038HV,,,,4,
2022-12-22,N9520HX,,,,5,
2022-12-22,N3092HX,,,,6,
2022-12-22,N6578HY,,,,7,
2022-12-22,N2866HY,,,,8,
2022-12-22,N2783EL,,,,9,
2022-12-22,N2633HX,,,,10,
2022-12-22,N2369HY,,,,11,
2022-12-22,N0919HY,,,,12,
2022-12-22,N6118HY,,,,13,
2022-12-22,N1927HZ,,,,14,
2022-12-22,N7291HY,,,,15,
2022-12-22,N4707HY,,,,16,
2022-12-22,N9435HX,,,,17,
2022-12-22,N1853HY,,,,18,
2022-12-22,N2387HY,,,,19,
2022-12-22,N6335HY,,,,20,
2022-12-22,N4053HY,,,,21,
2022-12-22,N7604HY,,,,22,
2022-12-22,N0729HX,,,,23,
2022-12-22,N8698HW,,,,24,
2022-12-22,N5341HY,,,,25,
2022-12-22,N0917HZ,,,,26,
2022-12-22,N1354HZ,,,,27,
2022-12-22,N6463HY,,,,28,
2022-12-22,N3302HY,,,,29,
2022-12-22,N0018HZ,,,,30,
2022-12-22,N5376HX,,,,31,
2022-12-22,N4212HY,,,,32,
2022-12-22,N1219GV,,,,33,
2022-12-22,N0495HY,,,,34,
2022-12-22,N8084HY,,,,35,
2022-12-22,N0013HZ,,,,36,
2022-12-22,N3124HY,,,,37,
2022-12-22,N5483HY,,,,38,
2022-12-22,N2809HY,,,,39,
2022-12-22,N0445HX,,,,40,
2022-12-22,N3669HY,,,,41,
2022-12-22,N6895GP,,,,42,
2022-12-22,N0766HZ,,,,43,
2022-12-22,N0278HY,,,,44,
2022-12-22,N0920HZ,,,,45,
2022-12-22,N2420HY,,,,46,
2022-12-22,N0570HZ,,,,47,
2022-12-22,N0890HW,,,,48,
2022-12-22,N9368HY,,,,49,
2022-12-22,N8975HY,,,,50,
2022-12-22,N1635HZ,,,,51,
2022-12-22,N6641HY,,,,52,
2022-12-22,N0964HY,,,,53,
2022-12-22,N9289HY,,,,54,
2022-12-22,N0611EM,,,,55,
2022-12-22,N4813HT,,,,56,
2022-12-22,N5793HY,,,,57,
2022-12-22,N2247HZ,,,,58,
2022-12-22,N4808HY,,,,59,
2022-12-22,N6416HR,,,,60,
2022-12-22,N2903HY,,,,61,
2022-12-22,N8356HY,,,,62,
2022-12-22,N4923HX,,,,63,
2022-12-22,N2179HY,,,,64,
2022-12-22,N3785HY,,,,65,
2022-12-22,N9852HY,,,,66,
2022-12-22,N1314HD,,,,67,
2022-12-22,N8352HY,,,,68,
2022-12-22,N9521HY,,,,69,
2022-12-22,N2429HZ,,,,70,
2022-12-22,N4727HV,,,,71,
2022-12-22,N3292HY,,,,72,
2022-12-22,N7639HX,,,,73,
2022-12-22,N3041HZ,,,,74,
2022-12-22,N3761HY,,,,75,
2022-12-22,N5876HY,,,,76,
2022-12-22,N2763HY,,,,77,
2022-12-22,N8491HY,,,,78,
2022-12-22,N9580HX,,,,79,
2022-12-22,N1336HZ,,,,80,
2022-12-22,N2612HY,,,,81,
2022-12-22,N0449HZ,,,,82,
2022-12-22,N1091HZ,,,,83,
2022-12-22,N4463HY,,,,84,
2022-12-22,N4442HY,,,,85,
2022-12-22,N3822HW,,,,86,
2022-12-22,N4632HY,,,,87,
2022-12-22,N3539HZ,,,,88,
2022-12-22,N6134HY,,,,89,
2022-12-22,N0078HY,,,,90,
2022-12-22,N5014HX,,,,91,
2022-12-22,N2695HY,,,,92,
2022-12-22,N9619HU,,,,93,
2022-12-22,N7820GO,,,,94,
2022-12-22,N5067HW,,,,95,
2022-12-22,N8329HV,,,,96,
2022-12-22,N7395HY,,,,97,
2022-12-22,N0299HY,,,,98,
2022-12-22,N6893HY,,,,99,
2022-12-22,N2097HY,,,,100,
2022-12-22,N4965HV,,,,101,
2022-12-22,N5628HI,,,,102,
2022-12-22,N9378HY,,,,103,
2022-12-22,N2499HY,,,,104,
2022-12-22,N8701HY,,,,105,
2022-12-22,N7463HO,,,,106,
2022-12-22,N4435HY,,,,107,
2022-12-22,N7787EQ,,,,108,
2022-12-22,N6182HY,,,,109,
2022-12-22,N3920HY,,,,110,
2022-12-22,N5721HY,,,,111,
2022-12-22,N5078HY,,,,112,
2022-12-22,N6021HY,,,,113,
2022-12-22,N6006CW,,,,114,
2022-12-22,N3161HZ,,,,115,
2022-12-22,N6767HY,,,,116,
2022-12-22,N2376HZ,,,,117,
2022-12-22,N9122HY,,,,118,
2022-12-22,N3345HY,,,,119,
2022-12-22,N1657HY,,,,120,
2022-12-22,N7324HX,,,,121,
2022-12-22,N1542HZ,,,,122,
2022-12-22,N9616HW,,,,123,
2022-12-22,N3643HY,,,,124,
2022-12-22,N6483HY,,,,125,
2022-12-22,N3498HY,,,,126,
2022-12-22,N6569HW,,,,127,
2022-12-22,N6126HY,,,,128,
2022-12-22,N0569HZ,,,,129,
2022-12-22,N7262HY,,,,130,
2022-12-22,N6099HX,,,,131,
2022-12-22,N1934HY,,,,132,
2022-12-22,N4050HX,,,,133,
2022-12-22,N2840HX,,,,134,
2022-12-22,N4118HX,,,,135,
2022-12-22,N0318HT,,,,136,
2022-12-22,N1409HU,,,,137,
2022-12-22,N6759HY,,,,138,
2022-12-22,N9404GZ,,,,139,
2022-12-22,N7643HY,,,,140,
2022-12-22,N7224HR,,,,141,
2022-12-22,N1562HY,,,,142,
2022-12-22,N3198HZ,,,,143,
2022-12-22,N0776HZ,,,,144,
2022-12-22,N4127HY,,,,145,
2022-12-22,N2343HY,,,,146,
2022-12-22,N6199HV,,,,147,
2022-12-22,N5942HX,,,,148,
2022-12-22,N1862HS,,,,149,
2022-12-22,N6054GW,,,,150,
2022-12-22,N0309HT,,,,151,
2022-12-22,N5202HY,,,,152,
2022-12-22,N3407HY,,,,153,
2022-12-22,N4540HX,,,,154,
2022-12-22,N5924HY,,,,155,
2022-12-22,N2393HY,,,,156,
2022-12-22,N8749HY,,,,157,
2022-12-22,N9599HY,,,,158,
2022-12-22,N8724HY,,,,159,
2022-12-22,N8390HX,,,,160,
2022-12-22,N2344HY,,,,161,
2022-12-22,N3769HY,,,,162,
2022-12-22,N6352HW,,,,163,
2022-12-22,N9098HY,,,,164,
2022-12-22,N6643GM,,,,165,
2022-12-22,N8733GF,,,,166,
2022-12-22,N2133HZ,,,,167,
2022-12-22,N1361HZ,,,,168,
2022-12-22,N8797HY,,,,169,
2022-12-22,N2539HW,,,,170,
2022-12-22,N0047HW,,,,171,
2022-12-22,N6592HY,,,,172,
2022-12-22,N1933HZ,,,,173,
2022-12-22,N2429HY,,,,174,
2022-12-22,N6749HY,,,,175,
2022-12-22,N6660HY,,,,176,
2022-12-22,N3218HY,,,,177,
2022-12-22,N3551HY,,,,178,
2022-12-22,N0088HY,,,,179,
2022-12-22,N2431HZ,,,,180,
2022-12-22,N0069HZ,,,,181,
2022-12-22,N8423HX,,,,182,
2022-12-22,N7243HY,,,,183,
2022-12-22,N3582HZ,,,,184,
2022-12-22,N6270HY,,,,185,
2022-12-22,N1218HU,,,,186,
2022-12-22,N3751HT,,,,187,
2022-12-22,N6582HV,,,,188,
2022-12-22,N8165HX,,,,189,
2022-12-22,N9657HS,,,,190,
2022-12-22,N0088HZ,,,,191,
2022-12-22,N9835HY,,,,192,
2022-12-22,N5200HX,,,,193,
2022-12-22,N0576HZ,,,,194,
2022-12-22,N1816HZ,,,,195,
2022-12-22,N9874HY,,,,196,
2022-12-22,N2494HY,,,,197,
2022-12-22,N8008HX,,,,198,
2022-12-22,N2781HY,,,,199,
2022-12-22,N6589HL,,,,200,
2022-12-22,N5965HY,,,,201,
2022-12-22,N7332HY,,,,202,
2022-12-22,N0174HW,,,,203,
2022-12-22,N8049HX,,,,204,
2022-12-22,N8615HW,,,,205,
2022-12-22,N6316BN,,,,206,
2022-12-22,N7780HX,,,,207,
2022-12-22,N6593HV,,,,208,
2022-12-22,N5917HY,,,,209,
2022-12-22,N9629EX,,,,210,
2022-12-22,N7417HY,,,,211,
2022-12-22,N9394HY,,,,212,
2022-12-22,N6711HW,,,,213,
2022-12-22,N5281HY,,,,214,
2022-12-22,N6406GP,,,,215,
2022-12-22,N7505HX,,,,216,
2022-12-22,N9739HY,,,,217,
2022-12-22,N4449HY,,,,218,
2022-12-22,N5115HY,,,,219,
2022-12-22,N3071HY,,,,220,
2022-12-22,N0487HZ,,,,221,
2022-12-22,N4334HX,,,,222,
2022-12-22,N7402HW,,,,223,
2022-12-22,N0325HY,,,,224,
2022-12-22,N5256HY,,,,225,
2022-12-22,N6881HY,,,,226,
2022-12-22,N1395HY,,,,227,
2022-12-22,N6780GW,,,,228,
2022-12-22,N5261HY,,,,229,
2022-12-22,N2204HW,,,,230,
2022-12-22,N2072HY,,,,231,
2022-12-22,N3507HO,,,,232,
2022-12-22,N5441HV,,,,233,
2022-12-22,N6160HP,,,,234,
2022-12-22,N7151HT,,,,235,
2022-12-22,N0107HY,,,,236,
2022-12-22,N9147HY,,,,237,
2022-12-22,N2487HZ,,,,238,
2022-12-22,N0993HX,,,,239,
2022-12-22,N0885HZ,,,,240,
2022-12-22,N7721HX,,,,241,
2022-12-22,N3744HY,,,,242,
2022-12-22,N8974HX,,,,243,
2022-12-22,N7212HR,,,,244,
2022-12-22,N8029HY,,,,245,
2022-12-22,N6570GM,,,,246,
2022-12-22,N3665HY,,,,247,
2022-12-22,N3979HX,,,,248,
2022-12-22,N8057HX,,,,249,
2022-12-22,N3105HQ,,,,250,
2022-12-22,N5763HC,,,,251,
2022-12-22,N3935HY,,,,252,
2022-12-22,N1726HU,,,,253,
2022-12-22,N2515HY,,,,254,
2022-12-22,N5911HS,,,,255,
2022-12-22,N6344HU,,,,256,
2022-12-22,N0870HY,,,,257,
2022-12-22,N3231HJ,,,,258,
2022-12-22,N4039HY,,,,259,
2022-12-22,N3630HZ,,,,260,
2022-12-22,N2710DB,,,,261,
2022-12-22,N5546HY,,,,262,
2022-12-22,N1774HY,,,,263,
2022-12-22,N8021HU,,,,264,
2022-12-22,N7817HO,,,,265,
2022-12-22,N8356GA,,,,266,
2022-12-22,N0814HZ,,,,267,
2022-12-22,N3215GP,,,,268,
2022-12-22,N2294HX,,,,269,
2022-12-22,N0870HZ,,,,270,
2022-12-22,N2785HZ,,,,271,
2022-12-22,N7848GP,,,,272,
2022-12-22,N0174GY,,,,273,
2022-12-22,N4830BU,,,,274,
2022-12-22,N3704HE,,,,275,
2022-12-22,N3829HZ,,,,276,
2022-12-22,N5834HY,,,,277,
2022-12-22,N0513HY,,,,278,
2022-12-22,N3538HR,,,,279,
2022-12-22,N1667HZ,,,,280,
2022-12-22,N2047GO,,,,281,
2022-12-22,N0380HR,,,,282,
2022-12-22,N9781HV,,,,283,
2022-12-22,N0943HZ,,,,284,
2022-12-22,N1554HZ,,,,285,
2022-12-22,N9101FY,,,,286,
2022-12-22,N4805HY,,,,287,
2022-12-22,N4297HY,,,,288,
2022-12-22,N2907GA,,,,289,
2022-12-22,N0428HY,,,,290,
2022-12-22,N1609HZ,,,,291,
2022-12-22,N1311GO,,,,292,
2022-12-22,N9896GG,,,,293,
2022-12-22,N3584HY,,,,294,
2022-12-22,N3714HT,,,,295,
2022-12-22,N4169HA,,,,296,
2022-12-22,N4601HY,,,,297,
2022-12-22,N8562HC,,,,298,
2022-12-22,N8139DG,,,,299,
2022-12-22,N7112HY,,,,300,
2023-05-20,N7120HP,,,,1,
2023-05-20,N8895IE,,,,2,
2023-05-20,N9744IE,,,,3,
2023-05-20,N6708ID,,,,4,
2023-05-20,N6294ID,,,,5,
2023-05-20,N8692ID,,,,6,
2023-05-20,N0102HX,,,,7,
2023-05-20,N4884IE,,,,8,
2023-05-20,N7816IE,,,,9,
2023-05-20,N2590IE,,,,10,
2023-05-20,N2796IF,,,,11,
2023-05-20,N4528IE,,,,12,
2023-05-20,N3482IE,,,,13,
2023-05-20,N3285IE,,,,14,
2023-05-20,N7525IE,,,,15,
2023-05-20,N9202IE,,,,16,
2023-05-20,N2564IF,,,,17,
2023-05-20,N5306IF,,,,18,
2023-05-20,N0811IF,,,,19,
2023-05-20,N1267ID,,,,20,
2023-05-20,N2296IF,,,,21,
2023-05-20,N5292IF,,,,22,
2023-05-20,N9251IE,,,,23,
2023-05-20,N5496IE,,,,24,
2023-05-20,N3034IE,,,,25,
2023-05-20,N0405IF,,,,26,
2023-05-20,N0603IF,,,,27,
2023-05-20,N4612IE,,,,28,
2023-05-20,N9652IE,,,,29,
2023-05-20,N9800ID,,,,30,
2023-05-20,N7004IE,,,,31,
2023-05-20,N5818IF,,,,32,
2023-05-20,N4971IC,,,,33,
2023-05-20,N9803IE,,,,34,
2023-05-20,N2620IE,,,,35,
2023-05-20,N6162IE,,,,36,
2023-05-20,N7232HS,,,,37,
2023-05-20,N4043IE,,,,38,
2023-05-20,N3497ID,,,,39,
2023-05-20,N0445ID,,,,40,
2023-05-20,N6602IE,,,,41,
2023-05-20,N7383IE,,,,42,
2023-05-20,N5225IE,,,,43,
2023-05-20,N8908IE,,,,44,
2023-05-20,N0290IF,,,,45,
2023-05-20,N8330IE,,,,46,
2023-05-20,N4564EJ,,,,47,
2023-05-20,N4910IF,,,,48,
2023-05-20,N7334HZ,,,,49,
2023-05-20,N1832IF,,,,50,
2023-05-20,N5330IE,,,,51,
2023-05-20,N7036ID,,,,52,
2023-05-20,N1309IF,,,,53,
2023-05-20,N3674IF,,,,54,
2023-05-20,N4552ID,,,,55,
2023-05-20,N6615IE,,,,56,
2023-05-20,N8318IE,,,,57,
2023-05-20,N3494IE,,,,58,
2023-05-20,N2630IF,,,,59,
2023-05-20,N3086IE,,,,60,
2023-05-20,N9711IE,,,,61,
2023-05-20,N4756IF,,,,62,
2023-05-20,N8799HU,,,,63,
2023-05-20,N8584ID,,,,64,
2023-05-20,N1879IF,,,,65,
2023-05-20,N8690IE,,,,66,
2023-05-20,N3844ID,,,,67,
2023-05-20,N5432IE,,,,68,
2023-05-20,N1899IE,,,,69,
2023-05-20,N5392IF,,,,70,
2023-05-20,N6062IF,,,,71,
2023-05-20,N1855IF,,,,72,
2023-05-20,N0001IB,,,,73,
2023-05-20,N9691IE,,,,74,
2023-05-20,N6585IE,,,,75,
2023-05-20,N8668IE,,,,76,
2023-05-20,N5966IF,,,,77,
2023-05-20,N2602IF,,,,78,
2023-05-20,N8292IE,,,,79,
2023-05-20,N6280ID,,,,80,
2023-05-20,N2819HA,,,,81,
2023-05-20,N2470IE,,,,82,
2023-05-20,N4531IE,,,,83,
2023-05-20,N0329HY,,,,84,
2023-05-20,N1909IF,,,,85,
2023-05-20,N8088IE,,,,86,
2023-05-20,N0620IF,,,,87,
2023-05-20,N1173HO,,,,88,
2023-05-20,N4729IF,,,,89,
2023-05-20,N6508IE,,,,90,
2023-05-20,N5518ID,,,,91,
2023-05-20,N8512IE,,,,92,
2023-05-20,N2783ID,,,,93,
2023-05-20,N5078HQ,,,,94,
2023-05-20,N2617IE,,,,95,
2023-05-20,N6778ID,,,,96,
2023-05-20,N1427IF,,,,97,
2023-05-20,N1483IF,,,,98,
2023-05-20,N7094IE,,,,99,
2023-05-20,N5525IE,,,,100,
2023-05-20,N6747ID,,,,101,
2023-05-20,N7181ID,,,,102,
2023-05-20,N7336IE,,,,103,
2023-05-20,N1742IE,,,,104,
2023-05-20,N7875IE,,,,105,
2023-05-20,N5516IF,,,,106,
2023-05-20,N2300IF,,,,107,
2023-05-20,N7598IE,,,,108,
2023-05-20,N8065IE,,,,109,
2023-05-20,N6497IC,,,,110,
2023-05-20,N8608IE,,,,111,
2023-05-20,N4359IF,,,,112,
2023-05-20,N0544IF,,,,113,
2023-05-20,N8303IE,,,,114,
2023-05-20,N8306IE,,,,115,
2023-05-20,N7924IA,,,,116,
2023-05-20,N5889IE,,,,117,
2023-05-20,N3716IF,,,,118,
2023-05-20,N6855IE,,,,119,
2023-05-20,N1482IF,,,,120,
2023-05-20,N6491IF,,,,121,
2023-05-20,N1160IF,,,,122,
2023-05-20,N1831IF,,,,123,
2023-05-20,N9573IE,,,,124,
2023-05-20,N5002IE,,,,125,
2023-05-20,N4096IF,,,,126,
2023-05-20,N0206IE,,,,127,
2023-05-20,N0369IF,,,,128,
2023-05-20,N1850IF,,,,129,
2023-05-20,N1262IF,,,,130,
2023-05-20,N4763IF,,,,131,
2023-05-20,N9150IE,,,,132,
2023-05-20,N4890IF,,,,133,
2023-05-20,N0016IF,,,,134,
2023-05-20,N3507HO,,,,135,
2023-05-20,N4437IF,,,,136,
2023-05-20,N3323IE,,,,137,
2023-05-20,N5031IF,,,,138,
2023-05-20,N4723IE,,,,139,
2023-05-20,N0836ID,,,,140,
2023-05-20,N0677IF,,,,141,
2023-05-20,N7551ID,,,,142,
2023-05-20,N6850IF,,,,143,
2023-05-20,N7857IE,,,,144,
2023-05-20,N1672IF,,,,145,
2023-05-20,N9852HN,,,,146,
2023-05-20,N4655IE,,,,147,
2023-05-20,N4840IE,,,,148,
2023-05-20,N7915IC,,,,149,
2023-05-20,N1052IB,,,,150,
2023-05-20,N5177IC,,,,151,
2023-05-20,N2693IE,,,,152,
2023-05-20,N6907IF,,,,153,
2023-05-20,N9846IE,,,,154,
2023-05-20,N0867IE,,,,155,
2023-05-20,N5978IE,,,,156,
2023-05-20,N9798IE,,,,157,
2023-05-20,N7262IE,,,,158,
2023-05-20,N4839IE,,,,159,
2023-05-20,N6895GP,,,,160,
2023-05-20,N8733GF,,,,161,
2023-05-20,N0378IF,,,,162,
2023-05-20,N8609ID,,,,163,
2023-05-20,N3434IE,,,,164,
2023-05-20,N3140IF,,,,165,
2023-05-20,N4528IF,,,,166,
2023-05-20,N5613IF,,,,167,
2023-05-20,N8048ID,,,,168,
2023-05-20,N1172IF,,,,169,
2023-05-20,N0646IE,,,,170,
2023-05-20,N6258IE,,,,171,
2023-05-20,N5158IF,,,,172,
2023-05-20,N6035IE,,,,173,
2023-05-20,N4409IF,,,,174,
2023-05-20,N7048IE,,,,175,
2023-05-20,N8279IE,,,,176,
2023-05-20,N5903IE,,,,177,
2023-05-20,N6440ID,,,,178,
2023-05-20,N7401IB,,,,179,
2023-05-20,N4379IE,,,,180,
2023-05-20,N3807GT,,,,181,
2023-05-20,N9361IE,,,,182,
2023-05-20,N4936DP,,,,183,
2023-05-20,N4710IF,,,,184,
2023-05-20,N4281IE,,,,185,
2023-05-20,N1570IE,,,,186,
2023-05-20,N8203ID,,,,187,
2023-05-20,N3201IF,,,,188,
2023-05-20,N2527IF,,,,189,
2023-05-20,N7420HQ,,,,190,
2023-05-20,N3434GT,,,,191,
2023-05-20,N2112GV,,,,192,
2023-05-20,N0702IE,,,,193,
2023-05-20,N6611IF,,,,194,
2023-05-20,N5151ID,,,,195,
2023-05-20,N9186IE,,,,196,
2023-05-20,N3382IC,,,,197,
2023-05-20,N0151IF,,,,198,
2023-05-20,N9872IE,,,,199,
2023-05-20,N7327ID,,,,200,
2023-05-20,N7279IC,,,,201,
2023-05-20,N5287HP,,,,202,
2023-05-20,N6081IF,,,,203,
2023-05-20,N1314HD,,,,204,
2023-05-20,N1932IA,,,,205,
2023-05-20,N1557IF,,,,206,
2023-05-20,N7720ID,,,,207,
2023-05-20,N4811FG,,,,208,
2023-05-20,N4220IF,,,,209,
2023-05-20,N2552IE,,,,210,
2023-05-20,N9018IC,,,,211,
2023-05-20,N7463HO,,,,212,
2023-05-20,N6237ID,,,,213,
2023-05-20,N8317IE,,,,214,
2023-05-20,N1086IF,,,,215,
2023-05-20,N2710DB,,,,216,
2023-05-20,N6294FX,,,,217,
2023-05-20,N4744IA,,,,218,
2023-05-20,N0176IF,,,,219,
2023-05-20,N1222IF,,,,220,
2023-05-20,N6344HW,,,,221,
2023-05-20,N1669IF,,,,222,
2023-05-20,N7340HK,,,,223,
2023-05-20,N1324IF,,,,224,
2023-05-20,N6725ID,,,,225,
2023-05-20,N5089IE,,,,226,
2023-05-20,N7817HO,,,,227,
2023-05-20,N6640IF,,,,228,
2023-05-20,N7638IE,,,,229,
2023-05-20,N3245ID,,,,230,
2023-05-20,N4798IF,,,,231,
2023-05-20,N9914IE,,,,232,
2023-05-20,N4165IE,,,,233,
2023-05-20,N0821GO,,,,234,
2023-05-20,N2204IF,,,,235,
2023-05-20,N0775ID,,,,236,
2023-05-20,N6122ID,,,,237,
2023-05-20,N5260IE,,,,238,
2023-05-20,N8080ID,,,,239,
2023-05-20,N9060ID,,,,240,
2023-05-20,N5873IB,,,,241,
2023-05-20,N6674HG,,,,242,
2023-05-20,N6480ID,,,,243,
2023-05-20,N6828IE,,,,244,
2023-05-20,N3215GP,,,,245,
2023-05-20,N2125GZ,,,,246,
2023-05-20,N0873GQ,,,,247,
2023-05-20,N4188HH,,,,248,
2023-05-20,N2150IE,,,,249,
2023-05-20,N4616GO,,,,250,
2023-05-20,N0147IF,,,,251,
2023-05-20,N1988GZ,,,,252,
2023-05-20,N2907GA,,,,253,
2023-05-20,N2592IF,,,,254,
2023-05-20,N3751HT,,,,255,
2023-05-20,N3655HO,,,,256,
2023-05-20,N7308IE,,,,257,
2023-05-20,N5459IF,,,,258,
2023-05-20,N3123IF,,,,259,
2023-05-20,N6304IF,,,,260,
2023-05-20,N6506IB,,,,261,
2023-05-20,N4529IA,,,,262,
2023-05-20,N4262IF,,,,263,
2023-05-20,N8750IE,,,,264,
2023-05-20,N7673FF,,,,265,
2023-05-20,N5054IF,,,,266,
2023-05-20,N5522IF,,,,267,
2023-05-20,N8317IC,,,,268,
2023-05-20,N5156IF,,,,269,
2023-05-20,N5702HL,,,,270,
2023-05-20,N0619ID,,,,271,
2023-05-20,N3705IE,,,,272,
2023-05-20,N4121IE,,,,273,
2023-05-20,N3383IE,,,,274,
2023-05-20,N7296IE,,,,275,
2023-05-20,N0403IF,,,,276,
2023-05-20,N8699GX,,,,277,
2023-05-20,N1224IE,,,,278,
2023-05-20,N7062ID,,,,279,
2023-05-20,N9909IC,,,,280,
2023-05-20,N5938IA,,,,281,
2023-05-20,N4668HM,,,,282,
2023-05-20,N8557IE,,,,283,
2023-05-20,N9636X,,,,284,
2023-05-20,N2616IE,,,,285,
2023-05-20,N7787EQ,,,,286,
2023-05-20,N8894IE,,,,287,
2023-05-20,N1096IF,,,,288,
2023-05-20,N0632IF,,,,289,
2023-05-20,N7149IF,,,,290,
2023-05-20,N1206IE,,,,291,
2023-05-20,N0764IF,,,,292,
2023-05-20,N8075IE,,,,293,
2023-05-20,N9531IE,,,,294,
2023-05-20,N3289DS,,,,295,
2023-05-20,N5737IE,,,,296,
2023-05-20,N0170HJ,,,,297,
2023-05-20,N0561IF,,,,298,
2023-05-20,N2713GI,,,,299,
2023-05-20,N1311HU,,,,300,
2023-06-29,N3718ID,,,,1,
2023-06-29,N2731IG,,,,2,
2023-06-29,N8558IF,,,,3,
2023-06-29,N6674IG,,,,4,
2023-06-29,N0651IG,,,,5,
2023-06-29,N0685IH,,,,6,
2023-06-29,N1855IH,,,,7,
2023-06-29,N6627IF,,,,8,
2023-06-29,N8803HP,,,,9,
2023-06-29,N7027IG,,,,10,
2023-06-29,N7859IG,,,,11,
2023-06-29,N0226IE,,,,12,
2023-06-29,N9803IE,,,,13,
2023-06-29,N6160IG,,,,14,
2023-06-29,N7120HP,,,,15,
2023-06-29,N5814IG,,,,16,
2023-06-29,N8883IF,,,,17,
2023-06-29,N9761IG,,,,18,
2023-06-29,N3799IB,,,,19,
2023-06-29,N4052IG,,,,20,
2023-06-29,N0666IG,,,,21,
2023-06-29,N8307IG,,,,22,
2023-06-29,N0871IG,,,,23,
2023-06-29,N3007IG,,,,24,
2023-06-29,N1791IG,,,,25,
2023-06-29,N1825IH,,,,26,
2023-06-29,N6455IG,,,,27,
2023-06-29,N5058IF,,,,28,
2023-06-29,N1140IG,,,,29,
2023-06-29,N9992IG,,,,30,
2023-06-29,N6606ID,,,,31,
2023-06-29,N0239IG,,,,32,
2023-06-29,N4897IG,,,,33,
2023-06-29,N3306IG,,,,34,
2023-06-29,N2882IG,,,,35,
2023-06-29,N5752IG,,,,36,
2023-06-29,N8745IF,,,,37,
2023-06-29,N4890IF,,,,38,
2023-06-29,N0585HM,,,,39,
2023-06-29,N6426IG,,,,40,
2023-06-29,N9449IG,,,,41,
2023-06-29,N2380IB,,,,42,
2023-06-29,N9334IG,,,,43,
2023-06-29,N2947IG,,,,44,
2023-06-29,N4664IG,,,,45,
2023-06-29,N6036IG,,,,46,
2023-06-29,N0740IH,,,,47,
2023-06-29,N9744IE,,,,48,
2023-06-29,N1083IG,,,,49,
2023-06-29,N1472IH,,,,50,
2023-06-29,N7768IG,,,,51,
2023-06-29,N2640IG,,,,52,
2023-06-29,N8306IG,,,,53,
2023-06-29,N7818IG,,,,54,
2023-06-29,N4998IG,,,,55,
2023-06-29,N2925HR,,,,56,
2023-06-29,N0053IH,,,,57,
2023-06-29,N3297IG,,,,58,
2023-06-29,N5656IE,,,,59,
2023-06-29,N4460IG,,,,60,
2023-06-29,N9802HN,,,,61,
2023-06-29,N9628IG,,,,62,
2023-06-29,N1109IG,,,,63,
2023-06-29,N9783IG,,,,64,
2023-06-29,N8701IG,,,,65,
2023-06-29,N1513IG,,,,66,
2023-06-29,N5028IG,,,,67,
2023-06-29,N2665IG,,,,68,
2023-06-29,N1834IG,,,,69,
2023-06-29,N4638IG,,,,70,
2023-06-29,N6624IG,,,,71,
2023-06-29,N7827IG,,,,72,
2023-06-29,N8427IG,,,,73,
2023-06-29,N2172IG,,,,74,
2023-06-29,N4273IG,,,,75,
2023-06-29,N6471IG,,,,76,
2023-06-29,N0811IF,,,,77,
2023-06-29,N2063IG,,,,78,
2023-06-29,N0611IG,,,,79,
2023-06-29,N0831IH,,,,80,
2023-06-29,N8024IG,,,,81,
2023-06-29,N9278ID,,,,82,
2023-06-29,N0305IG,,,,83,
2023-06-29,N3235IG,,,,84,
2023-06-29,N3302IF,,,,85,
2023-06-29,N8258IG,,,,86,
2023-06-29,N5807IG,,,,87,
2023-06-29,N4323IF,,,,88,
2023-06-29,N1599IF,,,,89,
2023-06-29,N5818IF,,,,90,
2023-06-29,N7331IF,,,,91,
2023-06-29,N9629EX,,,,92,
2023-06-29,N8757IF,,,,93,
2023-06-29,N8799HU,,,,94,
2023-06-29,N7551IC,,,,95,
2023-06-29,N6308IG,,,,96,
2023-06-29,N1008IG,,,,97,
2023-06-29,N2035IG,,,,98,
2023-06-29,N1243IH,,,,99,
2023-06-29,N8320IG,,,,100,
2023-06-29,N9852HN,,,,101,
2023-06-29,N0503IG,,,,102,
2023-06-29,N7457IF,,,,103,
2023-06-29,N8926IG,,,,104,
2023-06-29,N9652IE,,,,105,
2023-06-29,N2783ID,,,,106,
2023-06-29,N0411IG,,,,107,
2023-06-29,N0019IG,,,,108,
2023-06-29,N0413IG,,,,109,
2023-06-29,N0205IH,,,,110,
2023-06-29,N3453IG,,,,111,
2023-06-29,N8065IE,,,,112,
2023-06-29,N9344EA,,,,113,
2023-06-29,N0371IH,,,,114,
2023-06-29,N2295IF,,,,115,
2023-06-29,N2845HV,,,,116,
2023-06-29,N4536IG,,,,117,
2023-06-29,N8667IF,,,,118,
2023-06-29,N6708ID,,,,119,
2023-06-29,N7495IF,,,,120,
2023-06-29,N5828IB,,,,121,
2023-06-29,N2907GA,,,,122,
2023-06-29,N2470IE,,,,123,
2023-06-29,N2894IG,,,,124,
2023-06-29,N5053IG,,,,125,
2023-06-29,N8744IG,,,,126,
2023-06-29,N2430IG,,,,127,
2023-06-29,N9982IG,,,,128,
2023-06-29,N4222IG,,,,129,
2023-06-29,N9370HZ,,,,130,
2023-06-29,N0931IH,,,,131,
2023-06-29,N1894IG,,,,132,
2023-06-29,N9679IF,,,,133,
2023-06-29,N3195IG,,,,134,
2023-06-29,N9519IG,,,,135,
2023-06-29,N0156IH,,,,136,
2023-06-29,N3507HO,,,,137,
2023-06-29,N9488IG,,,,138,
2023-06-29,N4594IG,,,,139,
2023-06-29,N5459IF,,,,140,
2023-06-29,N5944IF,,,,141,
2023-06-29,N6682GF,,,,142,
2023-06-29,N5881IF,,,,143,
2023-06-29,N4612IG,,,,144,
2023-06-29,N1756IG,,,,145,
2023-06-29,N1314HD,,,,146,
2023-06-29,N7569IG,,,,147,
2023-06-29,N2976CK,,,,148,
2023-06-29,N0875IH,,,,149,
2023-06-29,N1831IF,,,,150,
2023-06-29,N6870IG,,,,151,
2023-06-29,N3751HT,,,,152,
2023-06-29,N3323IG,,,,153,
2023-06-29,N6014IF,,,,154,
2023-06-29,N6402IG,,,,155,
2023-06-29,N2491IF,,,,156,
2023-06-29,N8262IG,,,,157,
2023-06-29,N8684IG,,,,158,
2023-06-29,N7152GJ,,,,159,
2023-06-29,N2471HW,,,,160,
2023-06-29,N1233IG,,,,161,
2023-06-29,N1180HE,,,,162,
2023-06-29,N6682IF,,,,163,
2023-06-29,N1219GV,,,,164,
2023-06-29,N4369IG,,,,165,
2023-06-29,N0160IH,,,,166,
2023-06-29,N1104IG,,,,167,
2023-06-29,N9942IG,,,,168,
2023-06-29,N3321IF,,,,169,
2023-06-29,N0852IH,,,,170,
2023-06-29,N2819HA,,,,171,
2023-06-29,N9956GF,,,,172,
2023-06-29,N6887IG,,,,173,
2023-06-29,N3092HX,,,,174,
2023-06-29,N2476IG,,,,175,
2023-06-29,N3962IG,,,,176,
2023-06-29,N5292IF,,,,177,
2023-06-29,N8713IG,,,,178,
2023-06-29,N2061ID,,,,179,
2023-06-29,N3328IG,,,,180,
2023-06-29,N5546IG,,,,181,
2023-06-29,N0219IG,,,,182,
2023-06-29,N6860IG,,,,183,
2023-06-29,N2796IF,,,,184,
2023-06-29,N6972IG,,,,185,
2023-06-29,N0238IG,,,,186,
2023-06-29,N1167IH,,,,187,
2023-06-29,N6895GP,,,,188,
2023-06-29,N5911HS,,,,189,
2023-06-29,N6631IG,,,,190,
2023-06-29,N5018IF,,,,191,
2023-06-29,N0632IF,,,,192,
2023-06-29,N4226IG,,,,193,
2023-06-29,N5078HQ,,,,194,
2023-06-29,N2453HY,,,,195,
2023-06-29,N7334HZ,,,,196,
2023-06-29,N8993GG,,,,197,
2023-06-29,N5306IF,,,,198,
2023-06-29,N1014IG,,,,199,
2023-06-29,N1173HO,,,,200,
2023-06-29,N6850IF,,,,201,
2023-06-29,N8441IF,,,,202,
2023-06-29,N8053IG,,,,203,
2023-06-29,N7756FY,,,,204,
2023-06-29,N8895IE,,,,205,
2023-06-29,N7619FU,,,,206,
2023-06-29,N2346HW,,,,207,
2023-06-29,N9537ID,,,,208,
2023-06-29,N7463HO,,,,209,
2023-06-29,N5087IG,,,,210,
2023-06-29,N3387IG,,,,211,
2023-06-29,N5505IF,,,,212,
2023-06-29,N9170IG,,,,213,
2023-06-29,N9240IG,,,,214,
2023-06-29,N8692ID,,,,215,
2023-06-29,N9065CM,,,,216,
2023-06-29,N5878IG,,,,217,
2023-06-29,N0040IG,,,,218,
2023-06-29,N8733GF,,,,219,
2023-06-29,N8384IF,,,,220,
2023-06-29,N8821IF,,,,221,
2023-06-29,N9619HU,,,,222,
2023-06-29,N9512IG,,,,223,
2023-06-29,N4736IG,,,,224,
2023-06-29,N2564IF,,,,225,
2023-06-29,N6592HI,,,,226,
2023-06-29,N9998IF,,,,227,
2023-06-29,N7143IG,,,,228,
2023-06-29,N1914IA,,,,229,
2023-06-29,N6212IG,,,,230,
2023-06-29,N0646IE,,,,231,
2023-06-29,N0548HR,,,,232,
2023-06-29,N9250IG,,,,233,
2023-06-29,N5698HO,,,,234,
2023-06-29,N9461IE,,,,235,
2023-06-29,N6019IG,,,,236,
2023-06-29,N4358IG,,,,237,
2023-06-29,N0418IG,,,,238,
2023-06-29,N3218IG,,,,239,
2023-06-29,N5522IF,,,,240,
2023-06-29,N6211HF,,,,241,
2023-06-29,N1276HJ,,,,242,
2023-06-29,N2333IH,,,,243,
2023-06-29,N1112IH,,,,244,
2023-06-29,N8897IF,,,,245,
2023-06-29,N0163IH,,,,246,
2023-06-29,N9158IG,,,,247,
2023-06-29,N0529IG,,,,248,
2023-06-29,N8322IG,,,,249,
2023-06-29,N3807GT,,,,250,
2023-06-29,N8315IG,,,,251,
2023-06-29,N3041HZ,,,,252,
2023-06-29,N0718IG,,,,253,
2023-06-29,N6160HP,,,,254,
2023-06-29,N0775ID,,,,255,
2023-06-29,N3382IC,,,,256,
2023-06-29,N4762IG,,,,257,
2023-06-29,N8332IF,,,,258,
2023-06-29,N2193IG,,,,259,
2023-06-29,N5432IE,,,,260,
2023-06-29,N7534IG,,,,261,
2023-06-29,N6471HU,,,,262,
2023-06-29,N0699HX,,,,263,
2023-06-29,N0828IG,,,,264,
2023-06-29,N3631IG,,,,265,
2023-06-29,N3712IG,,,,266,
2023-06-29,N5768IG,,,,267,
2023-06-29,N9341IG,,,,268,
2023-06-29,N3628IF,,,,269,
2023-06-29,N6695IG,,,,270,
2023-06-29,N0821GO,,,,271,
2023-06-29,N1137IH,,,,272,
2023-06-29,N9528IF,,,,273,
2023-06-29,N0551GV,,,,274,
2023-06-29,N1985IH,,,,275,
2023-06-29,N7336IE,,,,276,
2023-06-29,N1927IC,,,,277,
2023-06-29,N4419HS,,,,278,
2023-06-29,N3353IG,,,,279,
2023-06-29,N9695IF,,,,280,
2023-06-29,N5388IG,,,,281,
2023-06-29,N6888IG,,,,282,
2023-06-29,N6294ID,,,,283,
2023-06-29,N8108ID,,,,284,
2023-06-29,N4588IG,,,,285,
2023-06-29,N6958IF,,,,286,
2023-06-29,N3173IF,,,,287,
2023-06-29,N8146IG,,,,288,
2023-06-29,N3032HC,,,,289,
2023-06-29,N3289DS,,,,290,
2023-06-29,N1399IH,,,,291,
2023-06-29,N6758IF,,,,292,
2023-06-29,N6656IG,,,,293,
2023-06-29,N8248IG,,,,294,
2023-06-29,N9433GN,,,,295,
2023-06-29,N9785IF,,,,296,
2023-06-29,N9696BP,,,,297,
2023-06-29,N1512IE,,,,298,
2023-06-29,N4722IG,,,,299,
2023-06-29,N0625IH,,,,300,
2023-10-17,N3803IK,,,,1,
2023-10-17,N1580IK,,,,2,
2023-10-17,N9512IJ,,,,3,
2023-10-17,N2839IL,,,,4,
2023-10-17,N5113IK,,,,5,
2023-10-17,N8156IK,,,,6,
2023-10-17,N3462IL,,,,7,
2023-10-17,N6557IK,,,,8,
2023-10-17,N5619IK,,,,9,
2023-10-17,N6376IK,,,,10,
2023-10-17,N8963IK,,,,11,
2023-10-17,N2448IL,,,,12,
2023-10-17,N9162IK,,,,13,
2023-10-17,N6152HV,,,,14,
2023-10-17,N2551IK,,,,15,
2023-10-17,N8021HU,,,,16,
2023-10-17,N4040IJ,,,,17,
2023-10-17,N4140IK,,,,18,
2023-10-17,N7771IJ,,,,19,
2023-10-17,N5451IK,,,,20,
2023-10-17,N4395IL,,,,21,
2023-10-17,N8218IK,,,,22,
2023-10-17,N7574IK,,,,23,
2023-10-17,N9293IK,,,,24,
2023-10-17,N4624IG,,,,25,
2023-10-17,N3587IL,,,,26,
2023-10-17,N0189IK,,,,27,
2023-10-17,N0125IH,,,,28,
2023-10-17,N6843IK,,,,29,
2023-10-17,N6918IK,,,,30,
2023-10-17,N2268IK,,,,31,
2023-10-17,N3658IL,,,,32,
2023-10-17,N2305IK,,,,33,
2023-10-17,N8240IK,,,,34,
2023-10-17,N3372IK,,,,35,
2023-10-17,N3102IL,,,,36,
2023-10-17,N0844IJ,,,,37,
2023-10-17,N7867IJ,,,,38,
2023-10-17,N1479IK,,,,39,
2023-10-17,N4223IL,,,,40,
2023-10-17,N2520IK,,,,41,
2023-10-17,N3820IK,,,,42,
2023-10-17,N1299IL,,,,43,
2023-10-17,N3011IK,,,,44,
2023-10-17,N1185HV,,,,45,
2023-10-17,N3507HO,,,,46,
2023-10-17,N0150IC,,,,47,
2023-10-17,N8287IK,,,,48,
2023-10-17,N2180IL,,,,49,
2023-10-17,N5468IK,,,,50,
2023-10-17,N3211IL,,,,51,
2023-10-17,N0687IL,,,,52,
2023-10-17,N5594IK,,,,53,
2023-10-17,N5542IK,,,,54,
2023-10-17,N4841IK,,,,55,
2023-10-17,N3266IL,,,,56,
2023-10-17,N3865IL,,,,57,
2023-10-17,N1047IL,,,,58,
2023-10-17,N4071IC,,,,59,
2023-10-17,N3838IL,,,,60,
2023-10-17,N2092IK,,,,61,
2023-10-17,N7901IJ,,,,62,
2023-10-17,N6325IK,,,,63,
2023-10-17,N3005IL,,,,64,
2023-10-17,N5514IL,,,,65,
2023-10-17,N1970IL,,,,66,
2023-10-17,N6169DZ,,,,67,
2023-10-17,N3086IL,,,,68,
2023-10-17,N6751IK,,,,69,
2023-10-17,N2624IL,,,,70,
2023-10-17,N5056IK,,,,71,
2023-10-17,N2559IK,,,,72,
2023-10-17,N0696IJ,,,,73,
2023-10-17,N2221IJ,,,,74,
2023-10-17,N1791IK,,,,75,
2023-10-17,N3008IG,,,,76,
2023-10-17,N1511IK,,,,77,
2023-10-17,N5031IL,,,,78,
2023-10-17,N5862IK,,,,79,
2023-10-17,N5779IK,,,,80,
2023-10-17,N0959IL,,,,81,
2023-10-17,N9200IJ,,,,82,
2023-10-17,N4616IK,,,,83,
2023-10-17,N8000IK,,,,84,
2023-10-17,N0184HS,,,,85,
2023-10-17,N6074IJ,,,,86,
2023-10-17,N4315IK,,,,87,
2023-10-17,N8138IK,,,,88,
2023-10-17,N4254IK,,,,89,
2023-10-17,N5583IK,,,,90,
2023-10-17,N4868IK,,,,91,
2023-10-17,N0553IK,,,,92,
2023-10-17,N2621IL,,,,93,
2023-10-17,N4904IL,,,,94,
2023-10-17,N4937IK,,,,95,
2023-10-17,N5973IL,,,,96,
2023-10-17,N6918IJ,,,,97,
2023-10-17,N7143IK,,,,98,
2023-10-17,N7075II,,,,99,
2023-10-17,N4825IK,,,,100,
2023-10-17,N1437II,,,,101,
2023-10-17,N3059IL,,,,102,
2023-10-17,N8048IK,,,,103,
2023-10-17,N5658IK,,,,104,
2023-10-17,N2579IK,,,,105,
2023-10-17,N9172IK,,,,106,
2023-10-17,N1898IJ,,,,107,
2023-10-17,N3799IB,,,,108,
2023-10-17,N7309IK,,,,109,
2023-10-17,N5054IK,,,,110,
2023-10-17,N7032IJ,,,,111,
2023-10-17,N0181IL,,,,112,
2023-10-17,N2937IL,,,,113,
2023-10-17,N0862IL,,,,114,
2023-10-17,N2317IL,,,,115,
2023-10-17,N5488IK,,,,116,
2023-10-17,N3845IH,,,,117,
2023-10-17,N4849IK,,,,118,
2023-10-17,N9050IK,,,,119,
2023-10-17,N3079IL,,,,120,
2023-10-17,N6993IK,,,,121,
2023-10-17,N3421IJ,,,,122,
2023-10-17,N8624IK,,,,123,
2023-10-17,N8878IJ,,,,124,
2023-10-17,N5901IL,,,,125,
2023-10-17,N0919IK,,,,126,
2023-10-17,N4288IC,,,,127,
2023-10-17,N7638IK,,,,128,
2023-10-17,N7261IJ,,,,129,
2023-10-17,N2029IL,,,,130,
2023-10-17,N0179IL,,,,131,
2023-10-17,N3759IK,,,,132,
2023-10-17,N2708IK,,,,133,
2023-10-17,N4108IL,,,,134,
2023-10-17,N5443IJ,,,,135,
2023-10-17,N5586IK,,,,136,
2023-10-17,N1580HL,,,,137,
2023-10-17,N5493IK,,,,138,
2023-10-17,N5954IK,,,,139,
2023-10-17,N6886IK,,,,140,
2023-10-17,N9177IK,,,,141,
2023-10-17,N2368IL,,,,142,
2023-10-17,N1508IK,,,,143,
2023-10-17,N0714IL,,,,144,
2023-10-17,N3541IL,,,,145,
2023-10-17,N4259IL,,,,146,
2023-10-17,N2880IL,,,,147,
2023-10-17,N3867IH,,,,148,
2023-10-17,N5002IK,,,,149,
2023-10-17,N9588II,,,,150,
2023-10-17,N4217IK,,,,151,
2023-10-17,N7591IK,,,,152,
2023-10-17,N8733GF,,,,153,
2023-10-17,N4501IK,,,,154,
2023-10-17,N9047IK,,,,155,
2023-10-17,N2701IL,,,,156,
2023-10-17,N4362IK,,,,157,
2023-10-17,N9837IH,,,,158,
2023-10-17,N9044IK,,,,159,
2023-10-17,N2642IL,,,,160,
2023-10-17,N4207IK,,,,161,
2023-10-17,N5245IJ,,,,162,
2023-10-17,N9823IK,,,,163,
2023-10-17,N5628HI,,,,164,
2023-10-17,N1929IL,,,,165,
2023-10-17,N0841IL,,,,166,
2023-10-17,N5694IL,,,,167,
2023-10-17,N8101IJ,,,,168,
2023-10-17,N8690IK,,,,169,
2023-10-17,N0851IJ,,,,170,
2023-10-17,N9695IJ,,,,171,
2023-10-17,N3032HC,,,,172,
2023-10-17,N1459II,,,,173,
2023-10-17,N3704HE,,,,174,
2023-10-17,N1281FM,,,,175,
2023-10-17,N2889IK,,,,176,
2023-10-17,N8578FC,,,,177,
2023-10-17,N0975IK,,,,178,
2023-10-17,N0247IL,,,,179,
2023-10-17,N0729IL,,,,180,
2023-10-17,N8824IJ,,,,181,
2023-10-17,N1052IB,,,,182,
2023-10-17,N3352HQ,,,,183,
2023-10-17,N3769II,,,,184,
2023-10-17,N2219IL,,,,185,
2023-10-17,N7414IK,,,,186,
2023-10-17,N8920EX,,,,187,
2023-10-17,N0289IK,,,,188,
2023-10-17,N2956IK,,,,189,
2023-10-17,N0897IK,,,,190,
2023-10-17,N0312IL,,,,191,
2023-10-17,N5432IE,,,,192,
2023-10-17,N5182IH,,,,193,
2023-10-17,N1411DP,,,,194,
2023-10-17,N5317IL,,,,195,
2023-10-17,N8493IK,,,,196,
2023-10-17,N9749IK,,,,197,
2023-10-17,N6926IK,,,,198,
2023-10-17,N3309IK,,,,199,
2023-10-17,N5394IL,,,,200,
2023-10-17,N5864CN,,,,201,
2023-10-17,N5551IK,,,,202,
2023-10-17,N5740IF,,,,203,
2023-10-17,N6589HL,,,,204,
2023-10-17,N3290IL,,,,205,
2023-10-17,N3426IH,,,,206,
2023-10-17,N9386DM,,,,207,
2023-10-17,N3042IL,,,,208,
2023-10-17,N7438IJ,,,,209,
2023-10-17,N1795IL,,,,210,
2023-10-17,N9918IK,,,,211,
2023-10-17,N8681IJ,,,,212,
2023-10-17,N3516IK,,,,213,
2023-10-17,N0740IH,,,,214,
2023-10-17,N4581IL,,,,215,
2023-10-17,N4488GV,,,,216,
2023-10-17,N1140II,,,,217,
2023-10-17,N9669BK,,,,218,
2023-10-17,N9619HU,,,,219,
2023-10-17,N5957IF,,,,220,
2023-10-17,N2819HA,,,,221,
2023-10-17,N5753HZ,,,,222,
2023-10-17,N7120HP,,,,223,
2023-10-17,N4487IK,,,,224,
2023-10-17,N0402IK,,,,225,
2023-10-17,N0896IL,,,,226,
2023-10-17,N2433IL,,,,227,
2023-10-17,N0152IL,,,,228,
2023-10-17,N4852IK,,,,229,
2023-10-17,N8273HJ,,,,230,
2023-10-17,N8991IK,,,,231,
2023-10-17,N1386IK,,,,232,
2023-10-17,N3950IL,,,,233,
2023-10-17,N1120IL,,,,234,
2023-10-17,N1990IL,,,,235,
2023-10-17,N5889IK,,,,236,
2023-10-17,N6069IK,,,,237,
2023-10-17,N3382IK,,,,238,
2023-10-17,N7230GM,,,,239,
2023-10-17,N4871IJ,,,,240,
2023-10-17,N7139IK,,,,241,
2023-10-17,N7303II,,,,242,
2023-10-17,N5049IK,,,,243,
2023-10-17,N3516IJ,,,,244,
2023-10-17,N4660FN,,,,245,
2023-10-17,N1630IL,,,,246,
2023-10-17,N8402IK,,,,247,
2023-10-17,N2776IK,,,,248,
2023-10-17,N2640IL,,,,249,
2023-10-17,N4750DY,,,,250,
2023-10-17,N8471II,,,,251,
2023-10-17,N8697CX,,,,252,
2023-10-17,N5342II,,,,253,
2023-10-17,N3072IL,,,,254,
2023-10-17,N0217IL,,,,255,
2023-10-17,N3466IK,,,,256,
2023-10-17,N9661IJ,,,,257,
2023-10-17,N4774DZ,,,,258,
2023-10-17,N7003IJ,,,,259,
2023-10-17,N2210IH,,,,260,
2023-10-17,N3734IK,,,,261,
2023-10-17,N7876IK,,,,262,
2023-10-17,N0192IL,,,,263,
2023-10-17,N1932IA,,,,264,
2023-10-17,N7087II,,,,265,
2023-10-17,N7787EQ,,,,266,
2023-10-17,N0073IL,,,,267,
2023-10-17,N4030IL,,,,268,
2023-10-17,N1314HD,,,,269,
2023-10-17,N3174IK,,,,270,
2023-10-17,N3850IK,,,,271,
2023-10-17,N5482IL,,,,272,
2023-10-17,N5287HP,,,,273,
2023-10-17,N6895GP,,,,274,
2023-10-17,N7261IH,,,,275,
2023-10-17,N1082ID,,,,276,
2023-10-17,N4789IL,,,,277,
2023-10-17,N1454HS,,,,278,
2023-10-17,N6479IK,,,,279,
2023-10-17,N5287IB,,,,280,
2023-10-17,N5947EG,,,,281,
2023-10-17,N2980HO,,,,282,
2023-10-17,N2934IK,,,,283,
2023-10-17,N6020IJ,,,,284,
2023-10-17,N2542HX,,,,285,
2023-10-17,N1829IL,,,,286,
2023-10-17,N2870HK,,,,287,
2023-10-17,N3293IK,,,,288,
2023-10-17,N8243IK,,,,289,
2023-10-17,N1085IK,,,,290,
2023-10-17,N9621IK,,,,291,
2023-10-17,N5277IL,,,,292,
2023-10-17,N9875IK,,,,293,
2023-10-17,N1155II,,,,294,
2023-10-17,N9482GS,,,,295,
2023-10-17,N1551IK,,,,296,
2023-10-17,N5644IK,,,,297,
2023-10-17,N9636X,,,,298,
2023-10-17,N3374II,,,,299,
2023-10-17,N3220IL,,,,300,
2023-10-21,N3803IK,,,,1,
2023-10-21,N1580IK,,,,2,
2023-10-21,N2839IL,,,,3,
2023-10-21,N9512IJ,,,,4,
2023-10-21,N4395IL,,,,5,
2023-10-21,N3462IL,,,,6,
2023-10-21,N8156IK,,,,7,
2023-10-21,N6557IK,,,,8,
2023-10-21,N2448IL,,,,9,
2023-10-21,N5619IK,,,,10,
2023-10-21,N8963IK,,,,11,
2023-10-21,N9162IK,,,,12,
2023-10-21,N6152HV,,,,13,
2023-10-21,N2551IK,,,,14,
2023-10-21,N6376IK,,,,15,
2023-10-21,N5451IK,,,,16,
2023-10-21,N0189IK,,,,17,
2023-10-21,N8021HU,,,,18,
2023-10-21,N3587IL,,,,19,
2023-10-21,N8218IK,,,,20,
2023-10-21,N7574IK,,,,21,
2023-10-21,N4624IG,,,,22,
2023-10-21,N5113IK,,,,23,
2023-10-21,N9293IK,,,,24,
2023-10-21,N4223IL,,,,25,
2023-10-21,N4040IJ,,,,26,
2023-10-21,N6843IK,,,,27,
2023-10-21,N3658IL,,,,28,
2023-10-21,N6918IK,,,,29,
2023-10-21,N3372IK,,,,30,
2023-10-21,N8240IK,,,,31,
2023-10-21,N3102IL,,,,32,
2023-10-21,N7867IJ,,,,33,
2023-10-21,N6207IL,,,,34,
2023-10-21,N0125IH,,,,35,
2023-10-21,N5973IL,,,,36,
2023-10-21,N3011IK,,,,37,
2023-10-21,N1299IL,,,,38,
2023-10-21,N5514IL,,,,39,
2023-10-21,N6855IL,,,,40,
2023-10-21,N3507HO,,,,41,
2023-10-21,N5594IK,,,,42,
2023-10-21,N2520IK,,,,43,
2023-10-21,N2180IL,,,,44,
2023-10-21,N6169DZ,,,,45,
2023-10-21,N3211IL,,,,46,
2023-10-21,N8287IK,,,,47,
2023-10-21,N0696IJ,,,,48,
2023-10-21,N7901IJ,,,,49,
2023-10-21,N1185HV,,,,50,
2023-10-21,N3266IL,,,,51,
2023-10-21,N0687IL,,,,52,
2023-10-21,N3865IL,,,,53,
2023-10-21,N3005IL,,,,54,
2023-10-21,N2092IK,,,,55,
2023-10-21,N3086IL,,,,56,
2023-10-21,N3838IL,,,,57,
2023-10-21,N1047IL,,,,58,
2023-10-21,N5957IF,,,,59,
2023-10-21,N1970IL,,,,60,
2023-10-21,N2268IK,,,,61,
2023-10-21,N6325IK,,,,62,
2023-10-21,N2624IL,,,,63,
2023-10-21,N2221IJ,,,,64,
2023-10-21,N1479IK,,,,65,
2023-10-21,N6751IK,,,,66,
2023-10-21,N5277IL,,,,67,
2023-10-21,N5031IL,,,,68,
2023-10-21,N0150IC,,,,69,
2023-10-21,N1791IK,,,,70,
2023-10-21,N6639IL,,,,71,
2023-10-21,N0844IJ,,,,72,
2023-10-21,N3059IL,,,,73,
2023-10-21,N0959IL,,,,74,
2023-10-21,N0184HS,,,,75,
2023-10-21,N3820IK,,,,76,
2023-10-21,N4071IC,,,,77,
2023-10-21,N5901IL,,,,78,
2023-10-21,N9200IJ,,,,79,
2023-10-21,N8000IK,,,,80,
2023-10-21,N8138IK,,,,81,
2023-10-21,N6496IL,,,,82,
2023-10-21,N2305IK,,,,83,
2023-10-21,N4904IL,,,,84,
2023-10-21,N4868IK,,,,85,
2023-10-21,N2621IL,,,,86,
2023-10-21,N1459IL,,,,87,
2023-10-21,N6918IJ,,,,88,
2023-10-21,N4937IK,,,,89,
2023-10-21,N7143IK,,,,90,
2023-10-21,N7075II,,,,91,
2023-10-21,N7771IJ,,,,92,
2023-10-21,N0862IL,,,,93,
2023-10-21,N4315IK,,,,94,
2023-10-21,N8048IK,,,,95,
2023-10-21,N7309IK,,,,96,
2023-10-21,N2708IK,,,,97,
2023-10-21,N1511IK,,,,98,
2023-10-21,N5862IK,,,,99,
2023-10-21,N9172IK,,,,100,
2023-10-21,N2559IK,,,,101,
2023-10-21,N0553IK,,,,102,
2023-10-21,N2029IL,,,,103,
2023-10-21,N4140IK,,,,104,
2023-10-21,N2317IL,,,,105,
2023-10-21,N4108IL,,,,106,
2023-10-21,N5583IK,,,,107,
2023-10-21,N2937IL,,,,108,
2023-10-21,N0181IL,,,,109,
2023-10-21,N6074IJ,,,,110,
2023-10-21,N5054IK,,,,111,
2023-10-21,N5658IK,,,,112,
2023-10-21,N3079IL,,,,113,
2023-10-21,N9050IK,,,,114,
2023-10-21,N3845IH,,,,115,
2023-10-21,N6993IK,,,,116,
2023-10-21,N3421IJ,,,,117,
2023-10-21,N3799IB,,,,118,
2023-10-21,N8878IJ,,,,119,
2023-10-21,N8624IK,,,,120,
2023-10-21,N9695IJ,,,,121,
2023-10-21,N2880IL,,,,122,
2023-10-21,N0919IK,,,,123,
2023-10-21,N5061IL,,,,124,
2023-10-21,N4849IK,,,,125,
2023-10-21,N7638IK,,,,126,
2023-10-21,N5694IL,,,,127,
2023-10-21,N6500IL,,,,128,
2023-10-21,N0179IL,,,,129,
2023-10-21,N1437II,,,,130,
2023-10-21,N6813IL,,,,131,
2023-10-21,N9177IK,,,,132,
2023-10-21,N2368IL,,,,133,
2023-10-21,N1052IB,,,,134,
2023-10-21,N4259IL,,,,135,
2023-10-21,N0714IL,,,,136,
2023-10-21,N3541IL,,,,137,
2023-10-21,N6886IK,,,,138,
2023-10-21,N2701IL,,,,139,
2023-10-21,N7591IK,,,,140,
2023-10-21,N5394IL,,,,141,
2023-10-21,N5833IL,,,,142,
2023-10-21,N6071IL,,,,143,
2023-10-21,N8101IJ,,,,144,
2023-10-21,N0975IK,,,,145,
2023-10-21,N9047IK,,,,146,
2023-10-21,N8920EX,,,,147,
2023-10-21,N3032HC,,,,148,
2023-10-21,N2642IL,,,,149,
2023-10-21,N9044IK,,,,150,
2023-10-21,N9823IK,,,,151,
2023-10-21,N4288IC,,,,152,
2023-10-21,N5954IK,,,,153,
2023-10-21,N1929IL,,,,154,
2023-10-21,N5432IE,,,,155,
2023-10-21,N0841IL,,,,156,
2023-10-21,N8733GF,,,,157,
2023-10-21,N6477IL,,,,158,
2023-10-21,N8690IK,,,,159,
2023-10-21,N0247IL,,,,160,
2023-10-21,N8578FC,,,,161,
2023-10-21,N1898IJ,,,,162,
2023-10-21,N1580HL,,,,163,
2023-10-21,N1281FM,,,,164,
2023-10-21,N0729IL,,,,165,
2023-10-21,N7675IJ,,,,166,
2023-10-21,N9386DM,,,,167,
2023-10-21,N5488IK,,,,168,
2023-10-21,N6685IL,,,,169,
2023-10-21,N5114IK,,,,170,
2023-10-21,N4789IL,,,,171,
2023-10-21,N5779IK,,,,172,
2023-10-21,N2219IL,,,,173,
2023-10-21,N5317IL,,,,174,
2023-10-21,N5586IK,,,,175,
2023-10-21,N7414IK,,,,176,
2023-10-21,N0312IL,,,,177,
2023-10-21,N2956IK,,,,178,
2023-10-21,N6926IK,,,,179,
2023-10-21,N6589HL,,,,180,
2023-10-21,N5443IJ,,,,181,
2023-10-21,N0851IJ,,,,182,
2023-10-21,N4507IL,,,,183,
2023-10-21,N0289IK,,,,184,
2023-10-21,N3042IL,,,,185,
2023-10-21,N5551IK,,,,186,
2023-10-21,N9749IK,,,,187,
2023-10-21,N8493IK,,,,188,
2023-10-21,N7032IJ,,,,189,
2023-10-21,N3290IL,,,,190,
2023-10-21,N6202IL,,,,191,
2023-10-21,N1459II,,,,192,
2023-10-21,N3704HE,,,,193,
2023-10-21,N3008IG,,,,194,
2023-10-21,N4581IL,,,,195,
2023-10-21,N7261IJ,,,,196,
2023-10-21,N5482IL,,,,197,
2023-10-21,N9918IK,,,,198,
2023-10-21,N4207IK,,,,199,
2023-10-21,N1795IL,,,,200,
2023-10-21,N5182IH,,,,201,
2023-10-21,N3352HQ,,,,202,
2023-10-21,N9837IH,,,,203,
2023-10-21,N2870HK,,,,204,
2023-10-21,N5740IF,,,,205,
2023-10-21,N0896IL,,,,206,
2023-10-21,N1120IL,,,,207,
2023-10-21,N2433IL,,,,208,
2023-10-21,N5628HI,,,,209,
2023-10-21,N7230GM,,,,210,
2023-10-21,N7438IJ,,,,211,
2023-10-21,N2819HA,,,,212,
2023-10-21,N3950IL,,,,213,
2023-10-21,N7120HP,,,,214,
2023-10-21,N0152IL,,,,215,
2023-10-21,N5864CN,,,,216,
2023-10-21,N5078HQ,,,,217,
2023-10-21,N8991IK,,,,218,
2023-10-21,N1990IL,,,,219,
2023-10-21,N1508IK,,,,220,
2023-10-21,N5245IJ,,,,221,
2023-10-21,N0217IL,,,,222,
2023-10-21,N4488GV,,,,223,
2023-10-21,N0897IK,,,,224,
2023-10-21,N2640IL,,,,225,
2023-10-21,N5287IB,,,,226,
2023-10-21,N3769II,,,,227,
2023-10-21,N4660FN,,,,228,
2023-10-21,N9658GT,,,,229,
2023-10-21,N9669BK,,,,230,
2023-10-21,N8402IK,,,,231,
2023-10-21,N8824IJ,,,,232,
2023-10-21,N9619HU,,,,233,
2023-10-21,N1630IL,,,,234,
2023-10-21,N7139IK,,,,235,
2023-10-21,N8273HJ,,,,236,
2023-10-21,N1140II,,,,237,
2023-10-21,N4750DY,,,,238,
2023-10-21,N3072IL,,,,239,
2023-10-21,N7876IK,,,,240,
2023-10-21,N5424IL,,,,241,
2023-10-21,N0402IK,,,,242,
2023-10-21,N4825IK,,,,243,
2023-10-21,N5753HZ,,,,244,
2023-10-21,N2210IH,,,,245,
2023-10-21,N0192IL,,,,246,
2023-10-21,N3788IJ,,,,247,
2023-10-21,N5947EG,,,,248,
2023-10-21,N4030IL,,,,249,
2023-10-21,N5542IK,,,,250,
2023-10-21,N0073IL,,,,251,
2023-10-21,N3309IK,,,,252,
2023-10-21,N4841IK,,,,253,
2023-10-21,N6930HZ,,,,254,
2023-10-21,N7261IH,,,,255,
2023-10-21,N7673FF,,,,256,
2023-10-21,N0740IH,,,,257,
2023-10-21,N5287HP,,,,258,
2023-10-21,N3516IK,,,,259,
2023-10-21,N4705IF,,,,260,
2023-10-21,N6912IL,,,,261,
2023-10-21,N1082ID,,,,262,
2023-10-21,N1386IK,,,,263,
2023-10-21,N3867IH,,,,264,
2023-10-21,N3021IL,,,,265,
2023-10-21,N8697CX,,,,266,
2023-10-21,N6020IJ,,,,267,
2023-10-21,N9621IK,,,,268,
2023-10-21,N1932IA,,,,269,
2023-10-21,N1829IL,,,,270,
2023-10-21,N5556IL,,,,271,
2023-10-21,N1314HD,,,,272,
2023-10-21,N1551IK,,,,273,
2023-10-21,N8681IJ,,,,274,
2023-10-21,N9434IK,,,,275,
2023-10-21,N3220IL,,,,276,
2023-10-21,N2980HO,,,,277,
2023-10-21,N5253IK,,,,278,
2023-10-21,N7787EQ,,,,279,
2023-10-21,N8243IK,,,,280,
2023-10-21,N9240IK,,,,281,
2023-10-21,N9875IK,,,,282,
2023-10-21,N3669FW,,,,283,
2023-10-21,N5644IK,,,,284,
2023-10-21,N6309IL,,,,285,
2023-10-21,N9636X,,,,286,
2023-10-21,N6088CY,,,,287,
2023-10-21,N9019IB,,,,288,
2023-10-21,N3581FH,,,,289,
2023-10-21,N5493IK,,,,290,
2023-10-21,N6479IK,,,,291,
2023-10-21,N3518IL,,,,292,
2023-10-21,N3516IJ,,,,293,
2023-10-21,N9927IK,,,,294,
2023-10-21,N2605IK,,,,295,
2023-10-21,N6895GP,,,,296,
2023-10-21,N7266FE,,,,297,
2023-10-21,N6707IL,,,,298,
2023-10-21,N1454HS,,,,299,
2023-10-21,N4871IJ,,,,300,
2023-11-23,N5277IL,,,,1,
2023-11-23,N4395IL,,,,2,
2023-11-23,N9071IL,,,,3,
2023-11-23,N6773II,,,,4,
2023-11-23,N4353IM,,,,5,
2023-11-23,N4350IM,,,,6,
2023-11-23,N3034IE,,,,7,
2023-11-23,N0991IM,,,,8,
2023-11-23,N8672IL,,,,9,
2023-11-23,N3803IK,,,,10,
2023-11-23,N3471IM,,,,11,
2023-11-23,N4761IM,,,,12,
2023-11-23,N0389IM,,,,13,
2023-11-23,N8000IM,,,,14,
2023-11-23,N0769IK,,,,15,
2023-11-23,N8966IL,,,,16,
2023-11-23,N6509IM,,,,17,
2023-11-23,N2448IL,,,,18,
2023-11-23,N2342IM,,,,19,
2023-11-23,N5114IK,,,,20,
2023-11-23,N0721IM,,,,21,
2023-11-23,N9636X,,,,22,
2023-11-23,N5707IM,,,,23,
2023-11-23,N0351IM,,,,24,
2023-11-23,N4890IL,,,,25,
2023-11-23,N5516IL,,,,26,
2023-11-23,N2459IM,,,,27,
2023-11-23,N8891IL,,,,28,
2023-11-23,N3435IM,,,,29,
2023-11-23,N0179IM,,,,30,
2023-11-23,N7369IM,,,,31,
2023-11-23,N0812IM,,,,32,
2023-11-23,N2523HV,,,,33,
2023-11-23,N4444IM,,,,34,
2023-11-23,N9634IL,,,,35,
2023-11-23,N4417IM,,,,36,
2023-11-23,N7859IL,,,,37,
2023-11-23,N7795IM,,,,38,
2023-11-23,N5372IM,,,,39,
2023-11-23,N1711HD,,,,40,
2023-11-23,N3982IM,,,,41,
2023-11-23,N1733IM,,,,42,
2023-11-23,N0860IM,,,,43,
2023-11-23,N9182IL,,,,44,
2023-11-23,N6071IL,,,,45,
2023-11-23,N9627IL,,,,46,
2023-11-23,N2367IM,,,,47,
2023-11-23,N9496IL,,,,48,
2023-11-23,N0189IK,,,,49,
2023-11-23,N2570IM,,,,50,
2023-11-23,N8273HJ,,,,51,
2023-11-23,N7421IK,,,,52,
2023-11-23,N3215IM,,,,53,
2023-11-23,N3478IL,,,,54,
2023-11-23,N7433IK,,,,55,
2023-11-23,N2051IM,,,,56,
2023-11-23,N9706IM,,,,57,
2023-11-23,N3904IM,,,,58,
2023-11-23,N8139IM,,,,59,
2023-11-23,N1580IK,,,,60,
2023-11-23,N8001IM,,,,61,
2023-11-23,N1988IM,,,,62,
2023-11-23,N3579IM,,,,63,
2023-11-23,N6081IM,,,,64,
2023-11-23,N6477IL,,,,65,
2023-11-23,N2366IM,,,,66,
2023-11-23,N8828IL,,,,67,
2023-11-23,N7159IL,,,,68,
2023-11-23,N6001IM,,,,69,
2023-11-23,N0696IJ,,,,70,
2023-11-23,N8660IM,,,,71,
2023-11-23,N8030IM,,,,72,
2023-11-23,N8637IL,,,,73,
2023-11-23,N9497HS,,,,74,
2023-11-23,N9736IL,,,,75,
2023-11-23,N6988IL,,,,76,
2023-11-23,N3466IM,,,,77,
2023-11-23,N1429IG,,,,78,
2023-11-23,N9512IJ,,,,79,
2023-11-23,N0215GD,,,,80,
2023-11-23,N6169DZ,,,,81,
2023-11-23,N2839IL,,,,82,
2023-11-23,N5586IM,,,,83,
2023-11-23,N1111IM,,,,84,
2023-11-23,N0898IM,,,,85,
2023-11-23,N7655IL,,,,86,
2023-11-23,N1061IK,,,,87,
2023-11-23,N7380IC,,,,88,
2023-11-23,N2670IM,,,,89,
2023-11-23,N4539IL,,,,90,
2023-11-23,N3507HO,,,,91,
2023-11-23,N9801IL,,,,92,
2023-11-23,N9387IL,,,,93,
2023-11-23,N8021HU,,,,94,
2023-11-23,N6802IM,,,,95,
2023-11-23,N8505IL,,,,96,
2023-11-23,N4178IM,,,,97,
2023-11-23,N0718IG,,,,98,
2023-11-23,N6369IM,,,,99,
2023-11-23,N3462IL,,,,100,
2023-11-23,N5785IH,,,,101,
2023-11-23,N9165IL,,,,102,
2023-11-23,N5717IM,,,,103,
2023-11-23,N9682IM,,,,104,
2023-11-23,N6627IM,,,,105,
2023-11-23,N9179HN,,,,106,
2023-11-23,N2785IM,,,,107,
2023-11-23,N0918EY,,,,108,
2023-11-23,N9050IL,,,,109,
2023-11-23,N4223IM,,,,110,
2023-11-23,N0896IL,,,,111,
2023-11-23,N0158IM,,,,112,
2023-11-23,N5963IM,,,,113,
2023-11-23,N3028IK,,,,114,
2023-11-23,N5711IM,,,,115,
2023-11-23,N2040IM,,,,116,
2023-11-23,N9838IL,,,,117,
2023-11-23,N1266FJ,,,,118,
2023-11-23,N8954IL,,,,119,
2023-11-23,N2880IL,,,,120,
2023-11-23,N7489IM,,,,121,
2023-11-23,N6744IK,,,,122,
2023-11-23,N0658IM,,,,123,
2023-11-23,N7116IM,,,,124,
2023-11-23,N7336IM,,,,125,
2023-11-23,N8464IM,,,,126,
2023-11-23,N2286IM,,,,127,
2023-11-23,N8352IM,,,,128,
2023-11-23,N8920EX,,,,129,
2023-11-23,N8031IM,,,,130,
2023-11-23,N8376IM,,,,131,
2023-11-23,N1052IB,,,,132,
2023-11-23,N5957IF,,,,133,
2023-11-23,N2567IM,,,,134,
2023-11-23,N6974GP,,,,135,
2023-11-23,N3169IM,,,,136,
2023-11-23,N7771IL,,,,137,
2023-11-23,N5623IM,,,,138,
2023-11-23,N1185HV,,,,139,
2023-11-23,N6229GU,,,,140,
2023-11-23,N4389IM,,,,141,
2023-11-23,N3067IM,,,,142,
2023-11-23,N8354HT,,,,143,
2023-11-23,N6855IL,,,,144,
2023-11-23,N3140IM,,,,145,
2023-11-23,N9837IH,,,,146,
2023-11-23,N8660IL,,,,147,
2023-11-23,N8999IL,,,,148,
2023-11-23,N6685IL,,,,149,
2023-11-23,N5750IH,,,,150,
2023-11-23,N5665IM,,,,151,
2023-11-23,N5339IM,,,,152,
2023-11-23,N6359IM,,,,153,
2023-11-23,N8518IM,,,,154,
2023-11-23,N0097IN,,,,155,
2023-11-23,N7250GN,,,,156,
2023-11-23,N2551IK,,,,157,
2023-11-23,N7120HP,,,,158,
2023-11-23,N7616IL,,,,159,
2023-11-23,N2771IM,,,,160,
2023-11-23,N6183IM,,,,161,
2023-11-23,N3587IL,,,,162,
2023-11-23,N4517IK,,,,163,
2023-11-23,N2106IM,,,,164,
2023-11-23,N6198IM,,,,165,
2023-11-23,N5080HW,,,,166,
2023-11-23,N5594IK,,,,167,
2023-11-23,N8121IL,,,,168,
2023-11-23,N0503IM,,,,169,
2023-11-23,N6892IM,,,,170,
2023-11-23,N0898IK,,,,171,
2023-11-23,N8704IL,,,,172,
2023-11-23,N5663IM,,,,173,
2023-11-23,N2757IM,,,,174,
2023-11-23,N8151IL,,,,175,
2023-11-23,N1580HL,,,,176,
2023-11-23,N1962HB,,,,177,
2023-11-23,N2710DB,,,,178,
2023-11-23,N8100IL,,,,179,
2023-11-23,N4040IJ,,,,180,
2023-11-23,N1244FR,,,,181,
2023-11-23,N7715HL,,,,182,
2023-11-23,N8733GF,,,,183,
2023-11-23,N1517IL,,,,184,
2023-11-23,N0316IM,,,,185,
2023-11-23,N7309IK,,,,186,
2023-11-23,N9508GL,,,,187,
2023-11-23,N5959IC,,,,188,
2023-11-23,N2475IA,,,,189,
2023-11-23,N3059IL,,,,190,
2023-11-23,N5026IM,,,,191,
2023-11-23,N8496IM,,,,192,
2023-11-23,N8692BO,,,,193,
2023-11-23,N4730IM,,,,194,
2023-11-23,N4493IM,,,,195,
2023-11-23,N7240IM,,,,196,
2023-11-23,N5482IL,,,,197,
2023-11-23,N1545IM,,,,198,
2023-11-23,N1638IM,,,,199,
2023-11-23,N6207IL,,,,200,
2023-11-23,N4457IM,,,,201,
2023-11-23,N9263IL,,,,202,
2023-11-23,N1566IM,,,,203,
2023-11-23,N9931HO,,,,204,
2023-11-23,N7604IM,,,,205,
2023-11-23,N1479IK,,,,206,
2023-11-23,N9012IM,,,,207,
2023-11-23,N5143HY,,,,208,
2023-11-23,N6714IM,,,,209,
2023-11-23,N7795DB,,,,210,
2023-11-23,N3032HC,,,,211,
2023-11-23,N4775HU,,,,212,
2023-11-23,N5973IL,,,,213,
2023-11-23,N2636IM,,,,214,
2023-11-23,N0862IL,,,,215,
2023-11-23,N8154IL,,,,216,
2023-11-23,N3799IB,,,,217,
2023-11-23,N7867IJ,,,,218,
2023-11-23,N5394IM,,,,219,
2023-11-23,N8894EO,,,,220,
2023-11-23,N1459IL,,,,221,
2023-11-23,N3581GF,,,,222,
2023-11-23,N7286HR,,,,223,
2023-11-23,N6995IM,,,,224,
2023-11-23,N1932IA,,,,225,
2023-11-23,N6930HZ,,,,226,
2023-11-23,N0761IM,,,,227,
2023-11-23,N8243IM,,,,228,
2023-11-23,N6274HB,,,,229,
2023-11-23,N1314HD,,,,230,
2023-11-23,N8411IL,,,,231,
2023-11-23,N6814IM,,,,232,
2023-11-23,N0125IH,,,,233,
2023-11-23,N4660FN,,,,234,
2023-11-23,N7230GM,,,,235,
2023-11-23,N2654IM,,,,236,
2023-11-23,N5889IM,,,,237,
2023-11-23,N8482IL,,,,238,
2023-11-23,N4070IM,,,,239,
2023-11-23,N1247HW,,,,240,
2023-11-23,N5115IC,,,,241,
2023-11-23,N3878IL,,,,242,
2023-11-23,N5070IM,,,,243,
2023-11-23,N3556IG,,,,244,
2023-11-23,N3899IM,,,,245,
2023-11-23,N1882HK,,,,246,
2023-11-23,N6589HL,,,,247,
2023-11-23,N2885IL,,,,248,
2023-11-23,N8903IM,,,,249,
2023-11-23,N7817HO,,,,250,
2023-11-23,N2069HS,,,,251,
2023-11-23,N0611EM,,,,252,
2023-11-23,N4223IL,,,,253,
2023-11-23,N6992IM,,,,254,
2023-11-23,N7787EQ,,,,255,
2023-11-23,N5324IM,,,,256,
2023-11-23,N9440IM,,,,257,
2023-11-23,N1140II,,,,258,
2023-11-23,N6469HQ,,,,259,
2023-11-23,N4336IM,,,,260,
2023-11-23,N0914IM,,,,261,
2023-11-23,N7574IK,,,,262,
2023-11-23,N3349IM,,,,263,
2023-11-23,N5102IM,,,,264,
2023-11-23,N5210IM,,,,265,
2023-11-23,N5872IK,,,,266,
2023-11-23,N9273IL,,,,267,
2023-11-23,N0521IL,,,,268,
2023-11-23,N2815IM,,,,269,
2023-11-23,N5468IL,,,,270,
2023-11-23,N5830II,,,,271,
2023-11-23,N6178IM,,,,272,
2023-11-23,N3581FH,,,,273,
2023-11-23,N2671IK,,,,274,
2023-11-23,N0721IJ,,,,275,
2023-11-23,N1818IH,,,,276,
2023-11-23,N8335IL,,,,277,
2023-11-23,N6804IM,,,,278,
2023-11-23,N8149IL,,,,279,
2023-11-23,N7194IM,,,,280,
2023-11-23,N6314IM,,,,281,
2023-11-23,N8230IL,,,,282,
2023-11-23,N0810HD,,,,283,
2023-11-23,N7564IL,,,,284,
2023-11-23,N0975IK,,,,285,
2023-11-23,N4705IF,,,,286,
2023-11-23,N1073IM,,,,287,
2023-11-23,N3774IM,,,,288,
2023-11-23,N4750DY,,,,289,
2023-11-23,N8139DG,,,,290,
2023-11-23,N1233IM,,,,291,
2023-11-23,N9160IM,,,,292,
2023-11-23,N5182IH,,,,293,
2023-11-23,N3795IM,,,,294,
2023-11-23,N5740IF,,,,295,
2023-11-23,N2254EN,,,,296,
2023-11-23,N7236IK,,,,297,
2023-11-23,N5432IE,,,,298,
2023-11-23,N7807IL,,,,299,
2023-11-23,N8220IK,,,,300,
2023-12-23,N8302IM,,,,1,
2023-12-23,N0294IN,,,,2,
2023-12-23,N5711IM,,,,3,
2023-12-23,N3556IG,,,,4,
2023-12-23,N4344IN,,,,5,
2023-12-23,N4353IM,,,,6,
2023-12-23,N9151IN,,,,7,
2023-12-23,N4954IN,,,,8,
2023-12-23,N0215GD,,,,9,
2023-12-23,N0277IO,,,,10,
2023-12-23,N3864IM,,,,11,
2023-12-23,N0356IO,,,,12,
2023-12-23,N7355IN,,,,13,
2023-12-23,N3471IN,,,,14,
2023-12-23,N5441IN,,,,15,
2023-12-23,N5277IL,,,,16,
2023-12-23,N6984IN,,,,17,
2023-12-23,N3471IM,,,,18,
2023-12-23,N4864IN,,,,19,
2023-12-23,N0989IN,,,,20,
2023-12-23,N3431IK,,,,21,
2023-12-23,N8486IM,,,,22,
2023-12-23,N6247IN,,,,23,
2023-12-23,N4395IL,,,,24,
2023-12-23,N3243IN,,,,25,
2023-12-23,N4120IN,,,,26,
2023-12-23,N9012IM,,,,27,
2023-12-23,N9636X,,,,28,
2023-12-23,N7472IN,,,,29,
2023-12-23,N7421IK,,,,30,
2023-12-23,N1538IN,,,,31,
2023-12-23,N8133IN,,,,32,
2023-12-23,N4384IN,,,,33,
2023-12-23,N2961IN,,,,34,
2023-12-23,N9043IN,,,,35,
2023-12-23,N6170IN,,,,36,
2023-12-23,N8329II,,,,37,
2023-12-23,N5152IM,,,,38,
2023-12-23,N9931HO,,,,39,
2023-12-23,N1287HH,,,,40,
2023-12-23,N4350IM,,,,41,
2023-12-23,N0600IO,,,,42,
2023-12-23,N9280IN,,,,43,
2023-12-23,N9718IN,,,,44,
2023-12-23,N7184IN,,,,45,
2023-12-23,N1769IN,,,,46,
2023-12-23,N1253IN,,,,47,
2023-12-23,N2256IM,,,,48,
2023-12-23,N2148IN,,,,49,
2023-12-23,N0469IN,,,,50,
2023-12-23,N2033IN,,,,51,
2023-12-23,N0607IN,,,,52,
2023-12-23,N5599IN,,,,53,
2023-12-23,N3619IM,,,,54,
2023-12-23,N6515IN,,,,55,
2023-12-23,N2202GK,,,,56,
2023-12-23,N1404IN,,,,57,
2023-12-23,N1105IN,,,,58,
2023-12-23,N5073IN,,,,59,
2023-12-23,N8652IN,,,,60,
2023-12-23,N7260IN,,,,61,
2023-12-23,N1004IN,,,,62,
2023-12-23,N0958IN,,,,63,
2023-12-23,N4991IN,,,,64,
2023-12-23,N0385IO,,,,65,
2023-12-23,N3803IK,,,,66,
2023-12-23,N0246IN,,,,67,
2023-12-23,N8043IN,,,,68,
2023-12-23,N3360IN,,,,69,
2023-12-23,N2118IN,,,,70,
2023-12-23,N0097IN,,,,71,
2023-12-23,N4890IL,,,,72,
2023-12-23,N2146IN,,,,73,
2023-12-23,N3892IN,,,,74,
2023-12-23,N6001IM,,,,75,
2023-12-23,N5960IN,,,,76,
2023-12-23,N5391IN,,,,77,
2023-12-23,N0389IM,,,,78,
2023-12-23,N1564IN,,,,79,
2023-12-23,N6558IN,,,,80,
2023-12-23,N9636IN,,,,81,
2023-12-23,N9534IM,,,,82,
2023-12-23,N3759IN,,,,83,
2023-12-23,N4761IM,,,,84,
2023-12-23,N7595IN,,,,85,
2023-12-23,N0662HA,,,,86,
2023-12-23,N1771IA,,,,87,
2023-12-23,N2967IK,,,,88,
2023-12-23,N8135IM,,,,89,
2023-12-23,N5721IL,,,,90,
2023-12-23,N8000IM,,,,91,
2023-12-23,N3700IN,,,,92,
2023-12-23,N9309IM,,,,93,
2023-12-23,N1371IN,,,,94,
2023-12-23,N0994IL,,,,95,
2023-12-23,N1908IN,,,,96,
2023-12-23,N6173IL,,,,97,
2023-12-23,N0189IK,,,,98,
2023-12-23,N7745IN,,,,99,
2023-12-23,N9356IN,,,,100,
2023-12-23,N5905IN,,,,101,
2023-12-23,N0283IO,,,,102,
2023-12-23,N4301IN,,,,103,
2023-12-23,N6863IL,,,,104,
2023-12-23,N6768IN,,,,105,
2023-12-23,N9682IM,,,,106,
2023-12-23,N2407IN,,,,107,
2023-12-23,N2756IN,,,,108,
2023-12-23,N0769IK,,,,109,
2023-12-23,N0043IN,,,,110,
2023-12-23,N9437IM,,,,111,
2023-12-23,N0650IN,,,,112,
2023-12-23,N6559IN,,,,113,
2023-12-23,N9145IM,,,,114,
2023-12-23,N7604IM,,,,115,
2023-12-23,N0696IJ,,,,116,
2023-12-23,N0721IM,,,,117,
2023-12-23,N6361IN,,,,118,
2023-12-23,N6169DZ,,,,119,
2023-12-23,N2047IN,,,,120,
2023-12-23,N5902IN,,,,121,
2023-12-23,N1314HD,,,,122,
2023-12-23,N2448IL,,,,123,
2023-12-23,N8345IN,,,,124,
2023-12-23,N0351IM,,,,125,
2023-12-23,N2987IN,,,,126,
2023-12-23,N5097IN,,,,127,
2023-12-23,N3507HO,,,,128,
2023-12-23,N4405IN,,,,129,
2023-12-23,N2495IM,,,,130,
2023-12-23,N2567IM,,,,131,
2023-12-23,N9190HE,,,,132,
2023-12-23,N3904IM,,,,133,
2023-12-23,N7305GW,,,,134,
2023-12-23,N8892IN,,,,135,
2023-12-23,N4155IN,,,,136,
2023-12-23,N7440IM,,,,137,
2023-12-23,N4033HL,,,,138,
2023-12-23,N9736IL,,,,139,
2023-12-23,N7250GN,,,,140,
2023-12-23,N2815IM,,,,141,
2023-12-23,N3814IN,,,,142,
2023-12-23,N8297HS,,,,143,
2023-12-23,N1533IN,,,,144,
2023-12-23,N8078IM,,,,145,
2023-12-23,N7006IN,,,,146,
2023-12-23,N8464IM,,,,147,
2023-12-23,N7470IN,,,,148,
2023-12-23,N8299HX,,,,149,
2023-12-23,N3713IN,,,,150,
2023-12-23,N2666IN,,,,151,
2023-12-23,N3918IN,,,,152,
2023-12-23,N3672IN,,,,153,
2023-12-23,N4660FN,,,,154,
2023-12-23,N6302IM,,,,155,
2023-12-23,N8021HU,,,,156,
2023-12-23,N2467IN,,,,157,
2023-12-23,N1077IM,,,,158,
2023-12-23,N1717IO,,,,159,
2023-12-23,N6258HX,,,,160,
2023-12-23,N7214IN,,,,161,
2023-12-23,N6828IM,,,,162,
2023-12-23,N7336IM,,,,163,
2023-12-23,N4171HA,,,,164,
2023-12-23,N6509IM,,,,165,
2023-12-23,N1061IK,,,,166,
2023-12-23,N1616IM,,,,167,
2023-12-23,N3993IN,,,,168,
2023-12-23,N9467IN,,,,169,
2023-12-23,N3964HA,,,,170,
2023-12-23,N5197IN,,,,171,
2023-12-23,N2957IN,,,,172,
2023-12-23,N2940IN,,,,173,
2023-12-23,N0403IO,,,,174,
2023-12-23,N0653IO,,,,175,
2023-12-23,N5740IN,,,,176,
2023-12-23,N9706IM,,,,177,
2023-12-23,N6523IM,,,,178,
2023-12-23,N9545IM,,,,179,
2023-12-23,N4705IF,,,,180,
2023-12-23,N5340IM,,,,181,
2023-12-23,N2264IM,,,,182,
2023-12-23,N8733GF,,,,183,
2023-12-23,N0767IN,,,,184,
2023-12-23,N1219GV,,,,185,
2023-12-23,N3032HC,,,,186,
2023-12-23,N0605IN,,,,187,
2023-12-23,N2649IN,,,,188,
2023-12-23,N6773II,,,,189,
2023-12-23,N3663IN,,,,190,
2023-12-23,N7983IN,,,,191,
2023-12-23,N4444IM,,,,192,
2023-12-23,N9071IL,,,,193,
2023-12-23,N1171IO,,,,194,
2023-12-23,N5394IM,,,,195,
2023-12-23,N5024IN,,,,196,
2023-12-23,N3034IE,,,,197,
2023-12-23,N7120HP,,,,198,
2023-12-23,N0304IN,,,,199,
2023-12-23,N8442IM,,,,200,
2023-12-23,N4911IN,,,,201,
2023-12-23,N5260IN,,,,202,
2023-12-23,N7977EE,,,,203,
2023-12-23,N8709IN,,,,204,
2023-12-23,N8030IM,,,,205,
2023-12-23,N6941IN,,,,206,
2023-12-23,N2636IM,,,,207,
2023-12-23,N6437FP,,,,208,
2023-12-23,N9497HS,,,,209,
2023-12-23,N2401IN,,,,210,
2023-12-23,N0944IN,,,,211,
2023-12-23,N1987IN,,,,212,
2023-12-23,N8642IN,,,,213,
2023-12-23,N0029IN,,,,214,
2023-12-23,N9627IL,,,,215,
2023-12-23,N3208IN,,,,216,
2023-12-23,N8920EX,,,,217,
2023-12-23,N5114IK,,,,218,
2023-12-23,N1479IK,,,,219,
2023-12-23,N5856IN,,,,220,
2023-12-23,N2253HS,,,,221,
2023-12-23,N8273HJ,,,,222,
2023-12-23,N3878IM,,,,223,
2023-12-23,N2907GA,,,,224,
2023-12-23,N1655IN,,,,225,
2023-12-23,N6974GP,,,,226,
2023-12-23,N8398IL,,,,227,
2023-12-23,N0883GS,,,,228,
2023-12-23,N3321IN,,,,229,
2023-12-23,N6719GZ,,,,230,
2023-12-23,N8354HT,,,,231,
2023-12-23,N3556IN,,,,232,
2023-12-23,N1084IO,,,,233,
2023-12-23,N3659IN,,,,234,
2023-12-23,N9173IN,,,,235,
2023-12-23,N6274HB,,,,236,
2023-12-23,N5182IH,,,,237,
2023-12-23,N5594IK,,,,238,
2023-12-23,N4995IN,,,,239,
2023-12-23,N8637IL,,,,240,
2023-12-23,N1062IN,,,,241,
2023-12-23,N8376IM,,,,242,
2023-12-23,N5619FV,,,,243,
2023-12-23,N5703IK,,,,244,
2023-12-23,N1052IB,,,,245,
2023-12-23,N5740IF,,,,246,
2023-12-23,N1740IO,,,,247,
2023-12-23,N7795IM,,,,248,
2023-12-23,N1962HB,,,,249,
2023-12-23,N3822HW,,,,250,
2023-12-23,N1140II,,,,251,
2023-12-23,N8938IN,,,,252,
2023-12-23,N9202IN,,,,253,
2023-12-23,N7180GF,,,,254,
2023-12-23,N6389IN,,,,255,
2023-12-23,N8139IN,,,,256,
2023-12-23,N3926IN,,,,257,
2023-12-23,N7647HT,,,,258,
2023-12-23,N7784IL,,,,259,
2023-12-23,N6682GF,,,,260,
2023-12-23,N1361HW,,,,261,
2023-12-23,N8675IM,,,,262,
2023-12-23,N8203ID,,,,263,
2023-12-23,N4830BU,,,,264,
2023-12-23,N3017IL,,,,265,
2023-12-23,N5771IN,,,,266,
2023-12-23,N4331IN,,,,267,
2023-12-23,N9440IM,,,,268,
2023-12-23,N9160IM,,,,269,
2023-12-23,N7723IN,,,,270,
2023-12-23,N6814IM,,,,271,
2023-12-23,N0324IN,,,,272,
2023-12-23,N2710DB,,,,273,
2023-12-23,N1580IK,,,,274,
2023-12-23,N3253IN,,,,275,
2023-12-23,N0439IN,,,,276,
2023-12-23,N2771IM,,,,277,
2023-12-23,N8705FK,,,,278,
2023-12-23,N7639IN,,,,279,
2023-12-23,N4201GX,,,,280,
2023-12-23,N1932IA,,,,281,
2023-12-23,N6843IN,,,,282,
2023-12-23,N9629EX,,,,283,
2023-12-23,N4266HY,,,,284,
2023-12-23,N6267HG,,,,285,
2023-12-23,N0611EM,,,,286,
2023-12-23,N2254EN,,,,287,
2023-12-23,N0377IN,,,,288,
2023-12-23,N0388EE,,,,289,
2023-12-23,N6266IN,,,,290,
2023-12-23,N7309IK,,,,291,
2023-12-23,N9586HB,,,,292,
2023-12-23,N5873IB,,,,293,
2023-12-23,N2342IM,,,,294,
2023-12-23,N6169IN,,,,295,
2023-12-23,N0672IN,,,,296,
2023-12-23,N7502IJ,,,,297,
2023-12-23,N7463HO,,,,298,
2023-12-23,N1551IO,,,,299,
2023-12-23,N6050HM,,,,300,
2024-01-06,N0277IO,,,,1,
2024-01-06,N9151IN,,,,2,
2024-01-06,N0356IO,,,,3,
2024-01-06,N2961IN,,,,4,
2024-01-06,N2256IM,,,,5,
2024-01-06,N8302IM,,,,6,
2024-01-06,N1717IO,,,,7,
2024-01-06,N3960IO,,,,8,
2024-01-06,N2543IO,,,,9,
2024-01-06,N9043IN,,,,10,
2024-01-06,N6984IN,,,,11,
2024-01-06,N1209IO,,,,12,
2024-01-06,N2085IO,,,,13,
2024-01-06,N5020IO,,,,14,
2024-01-06,N2693IO,,,,15,
2024-01-06,N8486IM,,,,16,
2024-01-06,N6247IN,,,,17,
2024-01-06,N0600IO,,,,18,
2024-01-06,N4395IL,,,,19,
2024-01-06,N7472IN,,,,20,
2024-01-06,N1287HH,,,,21,
2024-01-06,N5454IO,,,,22,
2024-01-06,N6170IN,,,,23,
2024-01-06,N8652IN,,,,24,
2024-01-06,N8133IN,,,,25,
2024-01-06,N6390IO,,,,26,
2024-01-06,N5711IM,,,,27,
2024-01-06,N4701IO,,,,28,
2024-01-06,N5826IN,,,,29,
2024-01-06,N0215GD,,,,30,
2024-01-06,N9012IM,,,,31,
2024-01-06,N9280IN,,,,32,
2024-01-06,N9718IN,,,,33,
2024-01-06,N4954IN,,,,34,
2024-01-06,N9636X,,,,35,
2024-01-06,N4785IO,,,,36,
2024-01-06,N7184IN,,,,37,
2024-01-06,N0385IO,,,,38,
2024-01-06,N3458IO,,,,39,
2024-01-06,N4864IN,,,,40,
2024-01-06,N4353IM,,,,41,
2024-01-06,N3017IL,,,,42,
2024-01-06,N5610IO,,,,43,
2024-01-06,N1119IO,,,,44,
2024-01-06,N3892IN,,,,45,
2024-01-06,N1740IO,,,,46,
2024-01-06,N7332IM,,,,47,
2024-01-06,N0294IN,,,,48,
2024-01-06,N6515IN,,,,49,
2024-01-06,N7260IN,,,,50,
2024-01-06,N5599IN,,,,51,
2024-01-06,N3258IO,,,,52,
2024-01-06,N0958IN,,,,53,
2024-01-06,N5277IL,,,,54,
2024-01-06,N5410IO,,,,55,
2024-01-06,N8043IN,,,,56,
2024-01-06,N3431IK,,,,57,
2024-01-06,N6596IO,,,,58,
2024-01-06,N5826IO,,,,59,
2024-01-06,N2146IN,,,,60,
2024-01-06,N4344IN,,,,61,
2024-01-06,N2967IK,,,,62,
2024-01-06,N4514IO,,,,63,
2024-01-06,N6361IN,,,,64,
2024-01-06,N2458IO,,,,65,
2024-01-06,N4384IN,,,,66,
2024-01-06,N5960IN,,,,67,
2024-01-06,N5721IL,,,,68,
2024-01-06,N9636IN,,,,69,
2024-01-06,N6258HX,,,,70,
2024-01-06,N1105IN,,,,71,
2024-01-06,N3803IK,,,,72,
2024-01-06,N8329II,,,,73,
2024-01-06,N0283IO,,,,74,
2024-01-06,N0662HA,,,,75,
2024-01-06,N6558IN,,,,76,
2024-01-06,N7201IN,,,,77,
2024-01-06,N7595IN,,,,78,
2024-01-06,N5073IN,,,,79,
2024-01-06,N7604HI,,,,80,
2024-01-06,N5441IN,,,,81,
2024-01-06,N2559IO,,,,82,
2024-01-06,N2151IL,,,,83,
2024-01-06,N6173IL,,,,84,
2024-01-06,N7006IN,,,,85,
2024-01-06,N4908IO,,,,86,
2024-01-06,N5391IN,,,,87,
2024-01-06,N3556IG,,,,88,
2024-01-06,N8219IN,,,,89,
2024-01-06,N7745IN,,,,90,
2024-01-06,N9356IN,,,,91,
2024-01-06,N1771IA,,,,92,
2024-01-06,N4155IO,,,,93,
2024-01-06,N1253IN,,,,94,
2024-01-06,N5905IN,,,,95,
2024-01-06,N3120II,,,,96,
2024-01-06,N9804IK,,,,97,
2024-01-06,N2940IN,,,,98,
2024-01-06,N3077IO,,,,99,
2024-01-06,N4155IN,,,,100,
2024-01-06,N6768IN,,,,101,
2024-01-06,N2407IN,,,,102,
2024-01-06,N7188IO,,,,103,
2024-01-06,N3888IO,,,,104,
2024-01-06,N3471IM,,,,105,
2024-01-06,N8269HQ,,,,106,
2024-01-06,N0189IK,,,,107,
2024-01-06,N6559IN,,,,108,
2024-01-06,N8299HX,,,,109,
2024-01-06,N0865CY,,,,110,
2024-01-06,N1564IN,,,,111,
2024-01-06,N4990IO,,,,112,
2024-01-06,N9931HO,,,,113,
2024-01-06,N7421IK,,,,114,
2024-01-06,N7470IN,,,,115,
2024-01-06,N4947IO,,,,116,
2024-01-06,N0403IO,,,,117,
2024-01-06,N5287IO,,,,118,
2024-01-06,N1648IO,,,,119,
2024-01-06,N7230IO,,,,120,
2024-01-06,N9437IM,,,,121,
2024-01-06,N8345IN,,,,122,
2024-01-06,N9190HE,,,,123,
2024-01-06,N5902IN,,,,124,
2024-01-06,N6169DZ,,,,125,
2024-01-06,N1322IO,,,,126,
2024-01-06,N9515IN,,,,127,
2024-01-06,N7025IN,,,,128,
2024-01-06,N7983IN,,,,129,
2024-01-06,N1551IO,,,,130,
2024-01-06,N8892IN,,,,131,
2024-01-06,N9145IM,,,,132,
2024-01-06,N0653IO,,,,133,
2024-01-06,N0445HX,,,,134,
2024-01-06,N1575IO,,,,135,
2024-01-06,N2593IO,,,,136,
2024-01-06,N6066IO,,,,137,
2024-01-06,N6863IL,,,,138,
2024-01-06,N1171IO,,,,139,
2024-01-06,N0696IJ,,,,140,
2024-01-06,N1675IO,,,,141,
2024-01-06,N7440IM,,,,142,
2024-01-06,N9202IN,,,,143,
2024-01-06,N4350IM,,,,144,
2024-01-06,N7214IN,,,,145,
2024-01-06,N2008IO,,,,146,
2024-01-06,N9467IN,,,,147,
2024-01-06,N3964HA,,,,148,
2024-01-06,N1705IO,,,,149,
2024-01-06,N3713IN,,,,150,
2024-01-06,N7250GN,,,,151,
2024-01-06,N3471IN,,,,152,
2024-01-06,N2504IN,,,,153,
2024-01-06,N6633IO,,,,154,
2024-01-06,N3032HC,,,,155,
2024-01-06,N6437FP,,,,156,
2024-01-06,N6523IM,,,,157,
2024-01-06,N6187IO,,,,158,
2024-01-06,N7901IN,,,,159,
2024-01-06,N3918IN,,,,160,
2024-01-06,N2649IN,,,,161,
2024-01-06,N4660FN,,,,162,
2024-01-06,N5340IM,,,,163,
2024-01-06,N0389IM,,,,164,
2024-01-06,N1538IN,,,,165,
2024-01-06,N0871IO,,,,166,
2024-01-06,N3208IN,,,,167,
2024-01-06,N3864IM,,,,168,
2024-01-06,N3459IM,,,,169,
2024-01-06,N0304IN,,,,170,
2024-01-06,N8709IN,,,,171,
2024-01-06,N2620IO,,,,172,
2024-01-06,N2264IM,,,,173,
2024-01-06,N5786IO,,,,174,
2024-01-06,N3507HO,,,,175,
2024-01-06,N6266IN,,,,176,
2024-01-06,N1084IO,,,,177,
2024-01-06,N2005IO,,,,178,
2024-01-06,N4120IN,,,,179,
2024-01-06,N6941IN,,,,180,
2024-01-06,N1368IO,,,,181,
2024-01-06,N2253HS,,,,182,
2024-01-06,N0388EE,,,,183,
2024-01-06,N8534IN,,,,184,
2024-01-06,N8733GF,,,,185,
2024-01-06,N8938IN,,,,186,
2024-01-06,N5594IK,,,,187,
2024-01-06,N5394IM,,,,188,
2024-01-06,N8642IN,,,,189,
2024-01-06,N8139IN,,,,190,
2024-01-06,N7834IO,,,,191,
2024-01-06,N9144IM,,,,192,
2024-01-06,N2642IO,,,,193,
2024-01-06,N2815IM,,,,194,
2024-01-06,N3556IJ,,,,195,
2024-01-06,N7120HP,,,,196,
2024-01-06,N4152IO,,,,197,
2024-01-06,N0804IO,,,,198,
2024-01-06,N0883GS,,,,199,
2024-01-06,N9173IN,,,,200,
2024-01-06,N3025IO,,,,201,
2024-01-06,N0753HR,,,,202,
2024-01-06,N1109IO,,,,203,
2024-01-06,N1655IN,,,,204,
2024-01-06,N8021HU,,,,205,
2024-01-06,N7723IN,,,,206,
2024-01-06,N1061IK,,,,207,
2024-01-06,N6001IM,,,,208,
2024-01-06,N4462IN,,,,209,
2024-01-06,N4201GX,,,,210,
2024-01-06,N9629EX,,,,211,
2024-01-06,N5740IF,,,,212,
2024-01-06,N9736IL,,,,213,
2024-01-06,N6389IN,,,,214,
2024-01-06,N4890IL,,,,215,
2024-01-06,N7977EE,,,,216,
2024-01-06,N4991IN,,,,217,
2024-01-06,N5740IN,,,,218,
2024-01-06,N1361HW,,,,219,
2024-01-06,N1140II,,,,220,
2024-01-06,N4156IO,,,,221,
2024-01-06,N6821IO,,,,222,
2024-01-06,N3267IO,,,,223,
2024-01-06,N1314HD,,,,224,
2024-01-06,N5024IN,,,,225,
2024-01-06,N4434IO,,,,226,
2024-01-06,N4786IO,,,,227,
2024-01-06,N1479IK,,,,228,
2024-01-06,N6267HG,,,,229,
2024-01-06,N2567IM,,,,230,
2024-01-06,N7647HT,,,,231,
2024-01-06,N5426IO,,,,232,
2024-01-06,N4700IO,,,,233,
2024-01-06,N5182IH,,,,234,
2024-01-06,N0645IO,,,,235,
2024-01-06,N0324IN,,,,236,
2024-01-06,N4705IF,,,,237,
2024-01-06,N0750IO,,,,238,
2024-01-06,N1435IO,,,,239,
2024-01-06,N3878IM,,,,240,
2024-01-06,N3331FF,,,,241,
2024-01-06,N4830BU,,,,242,
2024-01-06,N2700IO,,,,243,
2024-01-06,N7639IN,,,,244,
2024-01-06,N2448IL,,,,245,
2024-01-06,N6843IN,,,,246,
2024-01-06,N6169IN,,,,247,
2024-01-06,N4192IO,,,,248,
2024-01-06,N8000IM,,,,249,
2024-01-06,N8698HW,,,,250,
2024-01-06,N2414IO,,,,251,
2024-01-06,N0721IM,,,,252,
2024-01-06,N8794IF,,,,253,
2024-01-06,N2486IO,,,,254,
2024-01-06,N9586HB,,,,255,
2024-01-06,N5648IO,,,,256,
2024-01-06,N0820IO,,,,257,
2024-01-06,N7337IN,,,,258,
2024-01-06,N8920EX,,,,259,
2024-01-06,N0994IL,,,,260,
2024-01-06,N1932IA,,,,261,
2024-01-06,N8273HJ,,,,262,
2024-01-06,N2442IO,,,,263,
2024-01-06,N0106IB,,,,264,
2024-01-06,N9619HU,,,,265,
2024-01-06,N0351IM,,,,266,
2024-01-06,N7945FN,,,,267,
2024-01-06,N2992IO,,,,268,
2024-01-06,N5278IO,,,,269,
2024-01-06,N7502IJ,,,,270,
2024-01-06,N5138FY,,,,271,
2024-01-06,N8615IN,,,,272,
2024-01-06,N1219GV,,,,273,
2024-01-06,N4616GO,,,,274,
2024-01-06,N0224IO,,,,275,
2024-01-06,N5856IN,,,,276,
2024-01-06,N5299IN,,,,277,
2024-01-06,N1988IM,,,,278,
2024-01-06,N5965IO,,,,279,
2024-01-06,N9648IN,,,,280,
2024-01-06,N9873IN,,,,281,
2024-01-06,N1077IM,,,,282,
2024-01-06,N5771IN,,,,283,
2024-01-06,N6016IO,,,,284,
2024-01-06,N9845IN,,,,285,
2024-01-06,N1580IK,,,,286,
2024-01-06,N3243IN,,,,287,
2024-01-06,N7463HO,,,,288,
2024-01-06,N7336IM,,,,289,
2024-01-06,N5107IO,,,,290,
2024-01-06,N2653IO,,,,291,
2024-01-06,N1052IB,,,,292,
2024-01-06,N3288HY,,,,293,
2024-01-06,N1626IO,,,,294,
2024-01-06,N0632IF,,,,295,
2024-01-06,N2710DB,,,,296,
2024-01-06,N6857HA,,,,297,
2024-01-06,N3034IE,,,,298,
2024-01-06,N7787EQ,,,,299,
2024-01-06,N3926IN,,,,300,
